-0.27072	0.12286	-0.35476	-0.19564	-0.3704	0.4729	-0.0069301	-0.28816	0.24392	0.47741	-0.19409	-0.46567	0.031812	-0.036791	-0.10296	0.12972	-0.2801	-0.18015	-0.05353	-0.02277	-0.22024	0.093271	-0.0098052	-0.14951	0.72536	-0.13644	0.28862	-0.0069152	-0.12026	-0.21555	-0.034079	0.15115	0.60742	-0.7578	-0.11193	0.27355	0.27792	0.66188	-0.17319	-0.062464	-0.26515	0.14115	0.093313	0.18727	-0.062735	0.34746	-0.11284	-0.72145	-0.079088	0.18576	0.31839	0.061166	-0.5752	0.19824	-0.70771	-0.31738	0.60746	0.34606	-0.12604	0.63324	0.68067	0.51534	0.14712	0.77165	0.68767	0.17039	-0.2521	0.20048	0.20211	-0.13714	0.39509	0.68022	0.20006	0.3712	-0.061935	0.65871	-0.20042	-0.14599	-0.065262	-0.35931	0.23248	0.031656	-0.38883	0.48008	-0.40137	-0.3877	0.042347	0.026049	-0.12433	-0.12256	-0.14185	-0.12738	0.60927	0.011218	0.21933	-0.035414	-0.12458	0.18356	-0.04412	-0.10181
-0.44266	-0.12674	0.6577	0.21148	-0.093029	0.25956	0.24734	-0.59241	-0.16665	0.046893	-0.30646	-0.53193	-0.29074	-0.22307	0.014348	0.0031687	0.19847	-0.23728	-0.50896	-0.14585	-0.19931	0.045707	-0.025852	0.011434	-0.2597	0.25442	-0.061299	0.1619	-0.66432	-0.14591	-0.097426	0.52047	0.052123	-0.8301	-0.38938	0.23525	-0.2677	-0.39117	-0.11698	-0.14837	-0.032799	-0.33189	0.073823	-0.1986	-0.026839	0.0089461	-0.23168	-0.54837	0.33491	-0.15601	0.37516	0.32347	-0.61433	0.29184	-0.64301	0.19964	0.70041	0.16742	-0.036389	0.63021	0.48905	0.18033	-0.11864	0.81646	0.94223	-0.093381	-0.72809	0.54724	0.08835	-0.10416	0.52684	0.88291	0.54148	-0.057905	-0.22415	0.36158	0.2427	0.47231	0.65546	-0.41365	0.46007	0.18671	0.51793	-0.070887	0.041655	-0.29969	0.85315	-0.098843	0.16356	-0.089236	0.17511	-0.030426	0.39879	-0.040999	0.20932	-0.27448	-0.30859	-0.12189	-0.029362	-0.12382
-0.56099	0.27035	-0.56582	0.51103	0.16924	-0.11572	-0.2614	-0.57802	0.084942	0.23449	-0.78263	-0.63554	-0.15848	0.14151	-0.14831	0.4824	0.10604	0.28588	0.13265	-0.24662	-0.50264	0.46551	0.078558	-0.42407	0.48802	0.40511	-0.46726	0.0479	-0.5866	0.058925	-0.058231	-0.12678	0.38731	-0.12748	-0.30783	-0.37523	0.39041	-0.17731	-0.19669	0.14754	0.0096375	0.62595	-0.028179	0.28682	0.14551	0.077749	0.083901	-0.027706	0.46932	0.41904	0.84679	-0.17224	0.0046632	0.18173	-0.26657	0.4345	0.32007	-0.107	-0.013638	0.21481	0.23674	-0.23204	0.32371	-0.32239	-0.0095626	-0.34897	-0.15178	-0.04765	0.26632	-0.14609	-0.12614	0.28369	0.49212	0.47322	0.47168	0.2381	0.1477	0.30205	0.62095	-0.25848	-0.31772	0.53127	-0.0052284	-0.13407	-0.5744	-0.453	-0.27503	-0.1597	-0.16545	-0.35168	-0.70382	-0.31424	0.39687	-0.50944	0.17238	-0.22694	-0.44042	-0.38294	-0.31534	-0.64962
-0.25524	-0.49781	0.03788	0.12373	-0.28795	-0.10946	-0.13331	-0.61074	0.046338	0.14012	0.1436	-0.18821	0.12377	-0.26996	-0.49019	-0.38167	-0.57518	-0.21123	-0.14463	-0.16969	0.35595	0.26609	0.34349	-0.3012	0.30271	0.013104	0.034347	-0.083766	0.016608	-0.17759	-0.32034	-0.026299	0.13104	-0.55659	-0.74904	0.1408	0.19759	-0.22657	0.18163	0.29129	-0.22669	0.054493	-0.47966	-0.28271	-0.56548	0.0024205	0.22516	-0.29754	0.33651	0.23649	0.37024	0.58436	-0.34506	0.16075	-0.43042	-0.28008	0.31383	0.24294	-0.054664	0.073335	0.36766	-0.15088	-0.09219	0.27369	0.59571	0.084644	-0.91959	0.48919	0.12476	-0.50445	-0.30731	1.377	0.050695	-0.039676	0.37997	0.39346	0.078015	-0.41564	0.21531	-0.68592	0.099151	0.089616	-0.17249	0.2957	0.10375	-0.3644	0.16192	0.25484	0.44143	-0.086818	0.3671	-0.2099	0.66132	-0.26447	-0.4796	-0.10709	0.34247	0.71845	-0.23617	0.60398
-0.36601	0.42154	-0.32693	0.21563	0.31886	-0.17026	-0.15901	-0.87964	0.2557	0.018108	-0.51673	-0.58614	-0.18961	0.38865	-0.14723	0.28633	0.80234	0.67238	0.20381	0.03716	-0.31403	0.41647	0.11206	-0.050677	0.19549	-0.12888	-0.64664	0.13735	-0.50591	0.097158	-0.47928	-0.10857	0.49652	-0.39931	-0.27533	-0.35364	0.28239	-0.37086	-0.063245	0.017103	0.4384	0.44969	0.15042	0.011776	-0.103	-0.25582	-0.26751	-0.71814	0.44427	0.67286	0.60754	0.014038	-0.46772	0.058333	-0.22403	0.42703	0.052267	-0.56333	0.015985	0.56902	0.16381	-0.019478	0.068563	0.069237	0.22506	0.092351	-0.13925	-0.24783	0.078209	0.12718	-0.0376	0.18851	0.31718	0.69262	0.39791	0.46825	-0.10456	0.2562	0.20884	-0.35064	-0.11129	-0.0596	0.45043	-0.53568	-0.40323	-0.14008	-0.25446	-0.057396	-0.37046	-0.058192	-0.13041	-0.17013	0.41366	-0.89545	0.19002	-0.30599	-0.37053	-0.35913	0.077374	-0.46669
-0.22657	-0.068273	0.1167	0.012574	-0.44101	-0.019346	0.32309	-0.28838	0.23816	-0.16309	-0.43502	-0.013802	0.3614	-0.086057	-0.20064	0.014745	0.17997	-0.46546	0.22122	0.01375	-0.28112	-0.047259	0.12807	-0.49895	-0.15041	0.09088	0.059272	-0.37708	0.053042	0.044515	-0.51093	0.67275	0.15858	-0.59727	-0.27577	0.29222	-0.33974	-0.64314	-0.23136	0.096467	-0.1215	0.50257	-0.46768	0.19563	-0.22126	-0.29397	-0.21264	-0.07598	0.12456	-0.16521	0.48143	0.022693	-0.99753	0.055574	-0.69046	-0.017505	0.17866	0.041138	-0.0052807	0.11766	-0.090324	0.53056	-0.3844	0.054666	0.3232	0.39292	-0.53463	-0.050025	0.02331	0.042537	0.10875	0.46917	0.33981	0.12284	0.49508	0.41659	0.37441	0.1627	0.70029	-0.047037	0.24433	0.25502	0.67113	0.26083	0.027091	-0.080633	0.31697	0.30088	-0.223	-0.25095	0.9274	0.21175	0.38052	-0.24035	0.18166	-0.59757	-0.13214	0.20331	-0.26337	-0.3773
-0.72509	-0.050878	0.9244	0.079095	-0.46878	0.21935	0.31222	-0.63042	-0.132	-0.18033	0.13919	-0.31517	0.094276	-0.11534	-0.57263	-0.13326	-0.15561	-0.2383	-0.10093	0.023122	-0.10487	0.24288	0.0099247	-0.47657	-0.33464	0.51916	0.050475	-0.0096697	-0.057377	-0.084581	-0.62801	0.16275	0.036144	-0.73043	-0.25613	0.087648	0.28783	-0.72885	0.055434	-0.15269	0.12231	0.57726	-0.45013	-0.1324	-0.16837	-0.15703	-0.31537	-0.36172	0.28204	-0.10632	0.30311	0.65898	-0.64999	-0.12721	-0.85874	-0.088091	0.47462	0.28127	-0.13334	0.60168	0.28461	-0.063033	0.067343	0.15333	0.58389	0.36292	-0.81109	0.55855	-0.15605	-0.47862	0.034805	0.73267	0.31565	-0.20017	0.15674	0.55148	0.27863	0.17431	0.62842	-0.70537	0.55718	-0.12849	0.27382	0.10138	-0.13942	-0.31029	0.34504	0.30798	0.22788	-0.18002	0.23721	0.085502	0.63677	-0.22748	-0.052572	-0.6293	-0.25913	-0.043311	0.074097	-0.28944
-0.61428	0.056429	0.085334	0.75239	0.37928	0.73518	0.58841	-0.47056	0.74076	0.38614	-0.34968	-0.38152	0.012117	-0.015777	-0.14618	0.9829	-0.011372	-0.10022	0.066696	-0.20408	-0.016838	0.34253	-0.34165	-0.04606	0.33817	-0.85604	0.074002	0.051421	-0.031413	-0.19815	0.26738	0.41181	0.030068	-0.73565	-1.0682	0.16361	0.56086	-0.17518	0.065155	0.38118	0.096013	-0.20919	0.4827	0.076449	-0.48171	0.63288	-0.06945	-0.17607	0.14512	-0.13617	-0.31349	0.51736	-0.44353	-0.09521	-0.86374	-0.64247	0.17152	0.33116	-0.19304	0.4073	0.42885	0.12347	0.014839	0.7788	0.76238	-0.5225	-0.074575	-0.11881	0.037032	-0.20721	0.10367	0.72449	-0.35869	-0.29434	-0.14091	0.239	-0.13176	-0.32894	0.23698	0.53645	-0.30104	0.30136	-0.40339	0.80137	-0.65572	-0.024829	-0.3917	-0.086655	0.082831	-0.36636	0.42006	-0.60919	0.42216	-0.51401	0.8093	-0.6045	0.24861	-0.28459	-0.33396	0.18327
-0.13012	0.042217	-0.55925	-0.30607	-0.38051	0.56074	0.38374	-0.059178	0.13783	1.1149	-0.27835	-0.93164	-0.1389	-0.061615	-0.14675	0.12814	-0.45025	-0.15496	-0.28561	0.15881	-0.17809	0.44857	0.073216	-0.038735	0.82829	0.11467	0.16782	-0.13903	0.14286	-0.20682	-0.47277	-0.18549	0.43144	-0.38745	0.14952	0.13109	0.09742	0.27099	-0.41061	-0.047373	0.40023	0.64103	-0.21402	0.35428	-0.17	0.47272	0.38611	-0.58666	-0.011717	0.052292	0.90299	0.27115	-0.90034	-0.48526	-0.28168	-0.068622	0.25841	0.16078	0.066107	0.62283	0.67444	0.096222	0.24317	0.9539	0.76764	-0.091116	-0.23544	0.17129	-0.3394	-0.6497	0.46543	0.67161	0.47743	0.33636	0.32513	0.45825	-0.13031	-0.52232	-0.25754	-0.92707	-0.024854	0.039373	-0.18718	0.45353	-0.7012	-0.99532	0.26922	-0.31167	-0.019101	-0.15314	0.20775	-0.28696	0.29477	-0.20991	0.061759	-0.14071	0.12687	0.26823	-0.044434	-0.47659
-0.34882	-0.20148	0.6997	0.27013	-0.42855	0.32465	0.44422	-0.39903	0.027182	-0.21548	-0.38301	-0.28194	0.11857	-0.31433	-0.27937	-0.091835	-0.17016	-0.026581	-0.041963	-0.046543	-0.21443	-0.037951	0.12772	-0.45955	-0.024455	0.058984	0.27222	-0.20179	-0.41054	0.032532	-0.64517	0.73124	-0.010789	-0.74182	-0.45767	0.0864	0.012148	-0.61089	-0.30021	0.081723	0.096414	0.35886	-0.46308	-0.03374	-0.47467	-0.2977	-0.62547	-0.18414	0.82262	-0.0089889	0.47524	-0.00049086	-0.79919	-0.13308	-0.75515	0.49294	0.30585	0.13461	0.12877	0.28812	0.48282	0.2119	-0.10679	0.40642	0.79097	-0.048681	-0.47916	0.23593	0.050508	-0.36862	0.26758	0.84581	0.89588	-0.1232	-0.084896	0.78388	0.27227	0.18831	0.60851	-0.60931	0.367	0.24384	0.49852	0.37769	-0.12935	-0.11038	0.73398	0.082563	-0.032945	0.073809	0.39974	0.089436	0.35496	-0.19806	0.50414	-0.92053	-0.23472	-0.027163	-0.085144	-0.12631
-0.58707	0.07097	-1.0217	0.59455	0.046693	0.46174	-0.24597	-0.59378	0.021595	-0.25129	-0.78919	-0.48813	-0.37517	0.13282	-0.35334	0.57402	-0.13711	-0.14141	-0.11355	-0.45668	-0.73451	0.14496	0.067076	-0.74272	0.2874	0.30459	-0.82623	0.47483	-0.53832	0.15648	0.11486	-0.20002	0.23039	-0.19081	-0.61719	-0.25974	-0.0094813	-0.28892	-0.45657	0.1687	0.074943	0.44088	0.18364	0.23026	0.2079	0.23825	-0.17316	-0.23125	-0.13436	0.31683	0.47214	-0.45779	0.020908	-0.25366	-0.3859	0.15477	0.28741	-0.29365	-0.39631	0.45232	0.23807	-0.10938	0.29728	-0.18341	0.17793	0.051764	-0.17274	-0.19207	0.009407	-0.16567	-0.15359	0.68392	0.59424	0.57175	0.90529	0.10368	0.02563	0.51671	0.81995	-0.2644	-0.21506	0.04041	0.93606	-0.19482	-0.70308	-0.17752	-0.54788	-0.058564	0.17689	-0.42967	-0.4284	-0.21023	0.40739	-0.29535	-0.11193	-0.16517	-0.86161	-0.3811	-0.20602	-0.39811
-0.49289	0.13529	-0.71954	0.67928	0.25934	0.46808	-0.22108	-0.57067	0.21454	-0.31959	-0.6138	-0.41722	-0.43797	-0.35173	-0.51706	0.71433	-0.28987	-0.1154	-0.30811	-0.35136	-0.58273	0.035579	-0.080159	-0.63027	0.4495	0.47424	-0.82694	0.58044	-0.39781	0.0407	0.17372	0.015342	0.35999	-0.24377	-0.54169	-0.18811	0.19944	-0.6677	-0.48205	0.040941	0.032249	0.23008	0.013749	-0.48113	-0.059543	0.24292	-0.30968	-0.44148	-0.37653	0.43115	0.47491	-0.35592	-0.097248	-0.18359	-0.074505	-0.082868	0.34163	-0.17657	-0.52742	-0.090584	0.37627	-0.21116	0.40814	0.10218	0.33443	0.20939	-0.13818	-0.26069	0.042994	0.022094	-0.038729	0.60393	0.4967	0.2757	0.93082	-0.15623	0.054552	0.51957	1.0627	-0.06605	-0.1226	-0.22916	0.77	0.31579	-0.53165	0.057674	-0.58634	0.039432	0.17977	-0.38442	-0.42528	0.17804	0.25362	-0.29338	-0.030719	-0.086247	-0.85709	-0.31494	-0.22203	-0.16207
0.22199	0.1289	-0.62161	-0.58921	-0.52997	0.21999	0.55978	-0.21135	0.33964	1.2579	-0.47899	-1.157	-0.10071	0.13896	-0.35096	-0.13199	-0.28863	-0.23147	-0.41755	0.097315	-0.12234	0.55364	0.12771	-0.28408	0.89224	0.13524	0.021864	-0.28235	-0.093512	-0.51477	-0.45019	-0.19091	-0.023042	-0.41331	-0.13862	-0.16802	0.20257	0.4345	-0.36785	-0.22475	0.37878	0.78989	-0.17269	0.32732	0.15808	0.30574	0.57334	-0.42316	-0.07582	0.25539	0.93071	0.34565	-1.0475	-0.42931	-0.49155	-0.14417	0.16399	0.082665	-0.01887	0.73279	0.76885	0.066082	0.095115	1.0257	0.5613	0.2925	-0.15079	0.24288	-0.087004	-0.50053	0.38124	0.74095	0.33766	0.52832	0.53817	0.10431	-0.22713	-0.59522	-0.45017	-0.60471	0.0094722	-0.18805	-0.033346	0.57677	-0.66478	-1.22	0.10078	-0.26116	-0.19867	-0.25115	0.010818	-0.36125	0.11032	-0.12371	-0.27473	-0.23173	0.30088	0.20708	0.14325	-0.3196
-0.51207	0.67922	-0.17553	0.56943	0.24613	0.24884	-0.594	-0.78007	0.51368	-0.089378	-0.61914	-0.63596	-0.63938	0.249	0.072462	0.32176	1.0238	0.81032	-0.30228	0.061197	-0.5096	0.3019	0.34943	-0.17037	0.78696	-0.062448	-0.39773	0.16542	-0.73085	-0.070416	-0.49572	-0.71412	0.42591	-0.49408	-0.27585	-0.4664	0.40873	-0.37491	-0.36132	0.58218	0.22248	0.23301	0.41105	-0.04281	-0.28209	0.041644	0.031737	-0.080454	0.15791	0.46642	0.80697	0.11392	0.094822	0.15097	-0.38157	0.81585	-0.41385	-0.43574	-0.20916	0.45663	0.45224	0.38564	0.31707	0.5265	-0.25163	-0.10254	0.072104	-0.092657	-0.13486	0.31575	0.1334	0.20615	0.39426	0.396	-0.26769	0.6248	0.070128	0.45358	0.18018	-0.51617	-0.39359	0.2737	-0.24703	-0.5401	-0.31429	-0.37919	-0.15387	0.11277	0.030744	0.0040096	-0.26104	0.025158	0.45941	-1.1013	0.25719	-0.018761	0.065437	-0.3461	-0.51628	-0.66792
0.54683	-0.039111	-0.81246	-0.1806	-0.50081	0.759	0.26067	-0.35966	0.73475	1.2768	-0.49399	-0.57602	-0.11232	0.0057028	0.011209	-0.053361	-0.33836	-0.15876	-0.0031251	-0.25829	-0.040505	0.40834	-0.015178	-0.27852	0.86408	-0.0039898	-0.036388	-0.08721	0.31625	-0.16509	-0.077659	0.018962	0.58339	-0.035872	-0.008265	0.06608	0.1018	0.53861	-0.35786	0.15528	-0.08041	-0.07755	-0.22314	0.09847	0.13658	0.8567	0.28914	-0.29105	0.10097	0.094852	0.63161	0.26505	-0.74712	-0.30851	-0.60642	-0.29967	0.12892	0.43636	0.030463	0.47614	0.99754	0.62217	0.081508	0.89552	0.88808	0.61284	-0.30414	-0.43505	-0.03133	-0.4241	0.011383	0.44663	0.47506	0.21714	0.15886	0.31629	0.099245	-0.54717	-0.37693	-1.0612	0.080708	-0.42768	-0.30909	0.61709	-0.37218	-0.82946	-0.024437	-0.22552	-0.25792	0.23519	0.38691	0.0023386	0.65583	-0.13327	-0.017255	-0.31518	0.016011	0.17363	-0.28405	-0.11597
-0.45572	0.15033	0.19084	-0.10098	-0.111	0.34368	0.21537	-0.59699	0.10972	0.59001	-0.13167	-0.69846	0.13358	0.1431	-0.3102	0.25857	-0.21668	-0.33745	0.22658	-0.16753	-0.044984	0.36354	-0.64598	-0.72153	0.63636	-0.30673	0.0049644	-0.39597	-0.17326	-0.3589	-0.14492	0.44746	0.43052	-0.33301	-0.55394	0.41197	-0.084523	0.26087	-0.13429	-0.40959	-0.27674	0.21092	-0.23192	0.58932	-0.6085	0.34207	-0.17954	-0.032537	0.21267	0.31026	0.70962	0.049078	-1.0502	0.17036	-1.2905	-0.41804	-0.17454	0.33171	-0.26083	0.60711	0.45811	0.43224	-0.024132	0.60935	0.8814	-0.32123	-0.24921	0.69102	-0.074253	-0.11893	0.17498	0.79547	0.38837	0.0088259	0.047583	0.63147	0.075204	0.44592	0.59244	-0.70802	0.41249	-0.11473	-0.58465	0.24689	-0.3007	0.0010223	0.39495	0.24518	0.33867	-0.50374	-0.039781	0.1007	0.46959	0.10072	-0.25997	-0.070642	-0.024888	0.72097	0.19401	-0.28746
-0.52633	0.056978	-0.46518	0.74821	0.73749	-0.15978	0.12229	-0.30818	0.64216	-0.067742	-0.62925	-0.55709	-0.052585	0.4043	-0.056358	0.43913	0.46597	0.32991	0.2553	0.035312	-0.41611	0.76061	0.21046	-0.097433	0.40898	-0.35529	-0.3443	0.25686	-0.54483	-0.36625	-0.081143	0.095962	0.26758	-0.26425	-0.57001	-0.29682	0.12041	-0.36606	0.15033	0.48169	-0.031843	0.50682	-0.42158	-0.026344	-0.10655	0.20318	-0.14776	-0.72806	-0.24049	0.9909	0.22604	0.043299	-0.15826	0.070987	-0.49845	0.038102	0.42042	-0.40821	-0.59963	-0.20923	0.37598	-0.74886	0.070312	0.11986	0.1209	0.48147	-0.1776	-0.31842	0.019901	0.052886	0.12913	0.77377	0.35662	0.57425	0.62899	0.38423	0.18678	-0.081297	0.63319	-0.21556	-0.077676	0.0042157	0.62986	0.54843	-0.72975	-0.040573	-0.12616	-0.26277	-0.060323	-0.36469	-0.20974	-0.017626	-0.039349	-0.54099	0.19019	-0.29995	-0.058369	-0.20784	0.19516	-0.16087
-0.24352	-0.059594	-0.080608	-0.3272	0.53504	0.30624	0.55554	-0.29403	0.46958	0.48593	-0.41973	-0.22554	0.26116	-0.32533	-0.41515	0.63155	-0.11595	-0.23876	0.36413	-0.19419	0.17845	0.28132	-0.068449	-0.3582	0.7966	-0.54152	-0.19971	-0.35416	-0.29094	-0.22147	-0.21575	0.067316	0.75507	-0.31538	-0.18953	0.24396	0.085171	0.21132	0.35297	-0.30155	-0.25797	-0.38281	0.88501	0.24716	-0.35306	0.11965	-0.4579	-0.047133	0.44498	0.050685	0.15244	0.37296	-0.9101	0.083964	-0.7054	-0.53162	0.050668	0.58641	-0.48732	0.28437	0.62318	0.96395	0.053137	1.0642	0.7835	0.24976	-0.37095	-0.12756	0.32521	-0.41891	-0.22656	0.54942	-0.56362	0.31614	-0.037557	0.062996	-0.12885	0.10144	0.36877	-0.37692	-0.084029	-0.036495	-0.39996	0.61128	-0.37079	-0.12917	-0.17198	0.35751	-0.19666	-0.46909	0.08354	-0.065264	0.80839	-0.29122	-0.041433	-0.2437	-0.25014	0.8458	0.013357	-0.10213
-0.3408	-0.35105	0.73296	0.081555	-0.50993	0.079688	0.15433	-0.90633	0.24605	0.16229	-0.05668	-0.46878	0.009672	-0.061937	-0.78248	-0.2004	0.21897	-0.071059	-0.10167	-0.096739	-0.51843	0.023391	0.15394	-0.19676	-0.04557	0.14292	0.11026	-0.20204	0.33049	0.18747	-0.93775	0.59767	0.045571	-0.95039	-0.63057	0.11486	-0.20445	-0.85165	-0.2417	0.083201	0.21158	0.22001	-0.65925	0.55205	-0.63073	-0.47933	-0.26038	-0.14009	0.52343	-0.25956	0.45589	0.31021	-1.2863	0.061362	-1.0048	-0.24162	0.30748	0.33541	0.16199	0.37415	0.2566	0.28839	-0.5984	0.35095	0.90959	-0.13204	-0.74773	0.15421	-0.10888	-0.48843	0.26181	0.60445	0.55884	-0.19094	0.024688	0.38084	-0.061346	0.050115	1.0042	-0.226	-0.092418	-0.13692	0.19727	0.51206	-0.28181	-0.10556	0.45884	0.24152	0.47407	0.013002	0.89621	0.05017	0.014427	-0.35467	-0.49534	-0.52684	-0.040553	-0.12756	-0.090816	-0.057565
-0.47195	0.35257	-0.16781	0.92017	0.79618	0.18004	0.26963	-0.99072	0.54084	-0.25136	-0.41577	-0.84523	0.24147	0.1582	-0.36388	0.57525	0.23502	0.21192	0.24799	-0.43946	-0.19595	0.70614	0.29709	-0.12022	0.52885	-0.48306	-0.19942	0.057322	-0.78052	-0.21373	-0.32029	0.24181	-0.12598	-0.57255	-0.61005	-0.23143	0.46907	-0.12854	-0.21012	0.33395	0.20263	0.4494	-0.60866	0.043404	-0.080396	0.75727	0.5036	-0.55031	0.052688	0.45497	0.095322	-0.10805	-0.30485	0.2836	-0.89634	-0.24881	0.2122	0.23514	-0.5147	-0.24421	0.1594	-0.37134	0.019306	0.18951	-0.29073	-0.085643	-0.1121	-0.25128	0.39228	-0.13318	0.16293	0.6459	0.51603	0.53086	0.25651	0.42933	0.47123	0.024943	0.32995	0.2939	-0.58753	0.32903	0.47022	0.77265	-0.82085	-0.11496	0.010242	0.4282	-0.048447	-0.15583	-0.24138	-0.24893	0.037284	-0.42446	0.19851	-0.45635	-0.18047	-0.064208	-0.54305	0.025519
-0.29568	0.63214	-0.59377	0.42444	0.40925	0.11337	-0.1821	-0.70773	0.35007	0.12828	-0.6441	-0.74497	-0.51181	0.19207	-0.14506	0.40164	0.52587	0.51619	0.064729	0.34148	-0.50224	0.12165	0.50259	0.027517	0.74101	0.22771	-0.13624	0.76383	-0.86025	0.18746	-0.06754	-0.19678	-0.10207	-0.15268	-0.26521	-0.25038	0.41544	-0.23787	-0.63367	0.51066	0.0031698	0.19442	0.33664	0.04599	-0.18012	0.39688	0.22261	-0.22867	0.52848	0.44906	1.0922	0.06124	-0.35889	0.4519	-0.40577	0.937	-0.24901	-0.056866	-0.11823	0.45772	0.44169	0.066419	0.54824	-0.38076	-0.22381	-0.31171	-0.071382	-0.41089	-0.16151	0.32517	-0.25949	0.43271	0.48518	0.57755	0.15948	0.54658	-0.07346	0.36141	0.58361	-0.86937	-0.58364	-0.097682	0.10323	-0.82341	-0.49969	-0.51244	-0.32729	0.13203	-0.22251	-0.026304	-0.51073	-0.44216	0.77373	-0.84646	-0.15201	-0.25602	-0.13488	-0.023217	-0.43631	-0.29388
0.25295	-0.14711	-0.56725	-0.28512	-0.90272	0.78141	0.20827	-0.27165	0.5274	0.92367	-0.72731	-0.56054	-0.068924	0.14792	0.25576	0.21078	-0.37465	0.043238	0.10171	-0.26294	-0.25474	0.15073	0.0047565	-0.24483	0.49992	-0.35125	0.10433	0.042834	0.5037	0.11257	-0.086534	0.28477	0.89072	-0.28699	-0.0068658	0.0093684	0.24855	0.51215	0.099051	0.3671	-0.048325	0.24939	-0.28057	0.17179	0.13618	0.71746	0.29388	-0.45444	0.089722	0.10845	0.69209	0.2574	-0.71561	0.20227	-0.63686	-0.41224	0.36473	0.33771	-0.32466	0.55116	0.82124	0.25605	-0.020604	1.0644	0.74434	0.39247	-0.71563	-0.22559	-0.030394	-0.48478	-0.19897	0.64084	0.17283	0.40712	0.068887	0.2606	0.19533	-0.61764	-0.10562	-0.57114	0.088701	0.23766	-0.36544	0.29438	-0.39977	-0.98735	0.10745	-0.079617	0.019419	0.22692	0.26834	-0.081999	0.54799	-0.065088	0.033775	0.25973	0.12809	0.096793	-0.50557	0.41687
-0.56148	0.31478	-0.49418	0.50623	0.57048	0.80736	-0.0081083	-0.7708	0.22759	-0.17529	-0.57395	-0.33287	-0.1342	0.17225	-0.94961	0.63394	0.53959	-0.013352	-0.031366	-0.38999	-0.51819	0.54128	0.4394	0.13499	0.61945	0.13029	-0.25375	-0.0074093	-0.14368	-0.49434	0.22936	0.1253	0.27531	-0.44478	-0.79139	0.0022594	-0.018005	-0.19563	-0.15709	0.1913	-0.29394	0.29734	-0.27408	-0.13632	-0.56885	0.60994	0.27181	-0.54846	-0.2978	0.6333	-0.72127	-0.16973	-0.29795	0.14812	-0.62001	0.086746	0.7134	0.11937	-0.50409	-0.23793	0.079026	-0.57531	0.27786	0.3923	0.033432	-0.23922	0.068855	-0.54581	0.33017	-0.3396	0.60874	0.53507	0.72967	0.11105	0.76248	0.6269	-0.057572	-0.06737	0.39151	0.069158	-0.91974	0.059446	0.55472	0.31439	-0.98778	-0.021821	-0.32786	-0.26219	0.40729	-0.72909	-0.36089	-0.17634	-0.090768	-0.36241	0.62557	-0.61712	-0.20978	-1.0432	-0.47891	-0.60009
0.076472	0.18311	-0.46631	0.10893	0.17348	-0.42296	0.14183	-0.98911	0.85485	0.10052	-0.05699	-0.54578	0.024728	-0.329	-0.46184	0.25069	0.97048	0.61242	0.23523	0.25188	-0.026798	0.13511	0.10434	-0.29643	-0.09688	-0.30644	-0.55445	0.28088	-0.67935	-0.03281	-0.41607	-0.0060501	0.14258	-0.39333	-0.18513	-0.072314	0.057799	-0.3909	-0.55316	-0.16898	0.68193	-0.035883	0.12992	-0.36766	-0.36063	0.049541	-0.26155	-0.77054	0.19936	1.0511	0.32251	0.28519	-0.33412	0.2861	-0.51474	0.013307	-0.025273	-0.39063	-0.18577	0.3809	-0.030646	-0.013647	0.12765	-0.10399	0.44818	0.097764	-0.65826	0.3131	0.28697	-0.16958	-0.043405	-0.31605	0.51004	0.6068	-0.11288	-0.016942	-0.053932	0.13974	0.28829	-0.53357	-0.56751	0.0086591	-0.061185	-0.56975	-0.30317	-0.26152	-0.25743	-0.10889	-0.74918	0.37036	-0.85231	-0.18009	0.423	-0.78181	0.23834	-0.22797	0.30205	-0.50388	-0.1795	-0.78507
0.094037	0.45857	-0.52573	0.072486	0.13189	0.13891	-0.15392	-0.6102	0.61278	0.1052	0.14773	-0.67893	-0.41786	-0.20518	-0.26693	0.63146	0.92903	0.31286	0.052212	0.20004	-0.19342	0.015391	0.52351	0.19458	0.23576	-0.67968	-0.50636	0.5869	-1.0305	-0.23181	-0.47795	0.10773	0.71196	-0.67962	-0.6255	-0.16133	-0.074542	-0.5748	-0.82832	-0.022414	0.12028	-0.12317	0.38854	-0.2935	-0.18474	0.25206	0.1174	-0.61773	-0.30115	0.68552	0.35866	0.6341	-0.21108	0.37761	-0.49242	0.72787	0.081121	0.092914	-0.03828	0.082712	0.33887	-0.16515	0.099117	0.23637	-0.04173	0.27469	-0.7272	-0.11423	0.25604	0.40774	0.042452	-0.14174	0.43688	0.38401	-0.34928	-0.2732	-0.073005	0.37874	0.43217	0.0067114	-0.66533	0.22792	-0.26061	-0.69705	-0.057624	-0.46076	-0.21766	0.030185	-0.29316	0.078772	-0.6592	-0.16758	0.36527	-0.8827	0.21946	-0.18108	0.23086	-0.17595	-0.62568	-0.44491
-0.82929	0.10335	-1.141	0.8505	0.4651	0.54717	0.11565	-0.29925	0.35288	-0.16881	-1.1781	-0.54085	0.095391	-0.3459	-0.55961	0.87482	0.20006	-0.050263	-0.040445	-0.55173	-0.48491	0.025248	0.1862	-0.064291	0.48159	0.21058	-0.081115	0.44166	-0.41386	-0.086366	0.2578	0.2596	0.58578	-0.042631	-0.27915	0.081717	0.081596	-0.11161	-0.39592	0.23894	-0.18909	0.1261	-0.0057186	-0.2554	-0.40317	0.26104	-0.60268	-0.46225	-0.023574	0.51429	-0.044871	-0.20821	0.10589	-0.27332	-0.31654	-0.048749	0.16969	-0.23515	-0.19098	-0.35624	0.49865	-0.13146	0.23771	0.15874	0.10114	-0.043194	-0.32028	-0.61572	0.31067	-0.3617	0.17785	0.39732	0.24301	-0.053219	1.0807	0.11144	-0.20467	-0.012941	0.6228	0.091114	-0.22135	0.082077	0.57779	0.44116	-0.76997	0.0015889	-0.5126	-0.37982	-0.1735	-0.30641	-0.12558	-0.10079	0.05935	-0.57259	0.28807	-0.67558	-0.72485	-0.01364	0.21594	-0.71936
-0.31653	-0.07467	-0.025841	0.18718	-0.99485	0.027655	0.41768	-0.76419	0.05969	0.21418	-0.53522	-0.42005	0.10867	-0.20182	-0.38294	0.87254	0.35643	-0.68258	-0.45406	-0.16001	-0.2056	-0.1504	0.2177	-0.20189	-0.32699	0.14204	0.46132	-0.70938	-0.047113	-0.34521	-0.31136	0.035539	0.50151	-0.28762	-0.34014	0.18314	-0.15426	-0.51821	-0.35908	-0.63929	-0.29498	0.16224	-0.24016	0.078561	-0.83339	0.17578	0.1117	0.020123	0.3396	0.12953	0.68774	0.24851	-0.18875	-0.1171	-0.76087	-0.39908	0.062124	-0.53292	-0.086518	0.3651	0.63738	0.34775	0.077649	-0.049054	0.67235	0.050811	-0.99247	0.37717	-0.27734	-0.79236	0.59981	0.9338	0.86259	0.36463	-0.24468	-0.025018	0.10489	-0.20041	0.96554	-0.64736	0.30995	-0.38893	0.05879	-0.61048	0.13859	-0.83413	-0.20847	-0.091685	0.37621	-0.29866	0.76484	0.072856	0.20651	-0.25039	-0.86873	-0.028354	0.057474	0.20414	0.68583	0.68343
-0.57575	0.084165	0.35195	0.12994	-0.38784	0.20727	0.53308	-0.30388	0.26747	0.15564	-0.13913	-0.19721	0.2318	0.1312	-0.37822	0.1382	0.23997	-0.56404	0.92683	-0.11264	-0.029732	0.63909	-0.66006	-0.92547	0.66578	0.14335	0.26136	-0.44397	-0.055998	-0.95155	-0.14768	0.86714	0.049428	-1.0203	-0.38546	0.048075	-0.015077	-0.20375	-0.77309	-0.39874	-0.28143	0.088563	-0.0027222	0.63985	-0.60872	0.10266	0.048758	-0.2079	0.29093	0.074944	0.4592	0.17111	-1.2466	-0.3153	-1.2233	-0.51958	0.03045	0.2464	-0.42574	0.633	0.4101	0.5039	-0.040307	0.73763	0.52931	-0.33267	-0.014946	0.3678	-0.37877	-0.29769	0.29995	0.67226	0.33734	0.072019	0.042137	0.31857	0.064416	0.31249	0.64801	-0.32015	0.53231	0.0809	-0.30001	0.41138	-0.27106	-0.063939	0.37099	0.26923	0.45473	0.057625	0.41785	-0.049449	0.52506	0.084361	-0.29286	-0.58222	0.1013	0.68046	-0.085373	-0.50101
0.16037	0.057084	-0.30929	-0.066215	-0.27573	0.15269	0.81901	-0.090324	0.21743	0.89824	-0.29446	-0.95671	0.051963	-0.16176	-0.29924	0.40598	-0.69408	-0.051046	-0.0046857	-0.30114	0.057239	0.62997	-0.22193	-0.0075166	0.69773	0.068351	0.13328	-0.063756	0.019166	-0.734	-0.50352	0.1294	0.61384	0.10444	0.0074284	0.49078	0.13793	0.43319	0.13883	-0.60619	-0.24988	0.14587	0.075179	-0.019905	-0.41719	0.15866	0.84459	-0.50449	0.48265	0.58833	0.53926	0.63372	-0.58598	-0.17366	-0.2469	-0.39143	0.050197	0.20937	-0.25833	0.070586	0.90541	0.43345	-0.23632	1.1731	1.1427	-0.25605	-0.51946	-0.19224	-0.37744	-0.52641	0.15665	0.95303	0.36094	0.57044	0.024021	0.39382	0.42119	-0.1676	0.11302	-1.071	0.23526	-0.2152	-0.507	0.43315	-0.29678	-0.57262	-0.20173	-0.15461	-0.094017	-0.16495	0.24254	-0.091563	0.47613	-0.050925	-0.25177	0.34279	0.26536	0.49335	-0.4717	-0.15712
-0.85003	0.19255	-0.74335	0.59932	0.50965	0.085654	-0.16221	-0.74867	0.36788	-0.19966	-0.95231	-0.5356	0.15017	-0.00013983	-0.43328	0.67338	0.58877	-0.46045	0.02521	-0.42511	-0.88471	-0.2862	0.050361	0.36642	0.5622	0.21408	-0.078901	0.065942	-0.076013	0.083238	-0.17419	0.45374	0.64468	-0.13552	-0.67338	0.012687	0.17047	-0.26701	-0.53773	0.0032906	-0.67822	0.06017	-0.22444	-0.278	-0.61566	0.12342	-0.0059603	0.13709	0.062293	0.98298	-0.15373	-0.032147	-0.015193	-0.031933	-0.32925	-0.33371	0.3098	0.13507	-0.15636	-0.44274	0.10733	-0.47256	0.18881	0.20267	-0.048587	-0.51634	0.20817	-0.44019	-0.16812	-0.19693	0.45519	0.69726	0.081787	0.16966	0.3332	-0.21272	-0.052827	0.12022	0.52543	0.2969	-0.38456	0.21355	0.63659	0.69078	-0.98379	0.10661	-0.40428	-0.5741	0.040306	-0.48096	-0.42784	-0.1919	-0.29759	-0.7259	0.08398	-0.21484	-0.24558	0.05075	0.16444	-0.56161
-0.18129	0.14668	-0.53749	0.30284	0.090698	0.96317	0.37044	0.30038	-0.14106	0.28873	-0.42623	0.035469	0.41411	0.066355	-1.0585	0.12999	0.53747	-0.4098	-0.072919	0.19364	-0.038075	0.46995	0.29291	-0.47293	0.18346	-0.32558	-0.39755	0.173	-0.20626	-0.50639	-0.77365	0.43496	-0.34799	-0.97459	-0.61812	0.75568	0.027018	-0.96452	-0.25907	-0.40709	0.37016	0.506	0.19631	-0.4505	0.24079	0.39238	0.21934	0.13143	-0.50459	-0.080396	0.31208	0.60049	-0.26936	0.53009	-0.16422	0.00067913	0.16589	0.58877	0.39624	0.41418	0.18993	0.25217	0.087604	0.20106	0.31178	0.36751	-0.6728	0.10189	0.69775	0.15845	-0.74905	-0.4531	-0.29139	-0.016721	-0.24791	0.40138	0.69937	-0.15114	0.2661	-0.58457	0.26417	0.33914	0.031804	-0.54822	-0.31936	-0.64005	-0.020248	-0.30968	-0.30955	-0.11728	-0.98979	-0.08741	0.39587	-0.044746	-0.33396	0.11071	0.015145	0.1039	0.31969	-0.14733
-0.24807	0.77521	-0.94122	0.75211	0.37081	-0.12369	-0.16617	-0.30174	0.31104	-0.0021239	-0.97407	-0.64536	-0.2713	0.6375	0.45522	0.093447	0.1519	0.43374	0.27206	0.072614	-0.62792	0.53913	0.033771	-0.28307	0.15081	-0.047329	-0.34859	0.1605	-0.5222	-0.42663	-0.34954	0.38268	0.061192	-0.50344	-0.49333	-0.1061	-0.23173	-0.41183	-0.19052	0.37104	0.28386	0.37935	-0.022833	0.039307	0.012086	0.35014	-0.2168	-0.4055	-0.005454	0.87461	0.58747	0.21957	-0.048416	0.047493	-0.29835	0.19602	0.3127	-0.70577	-0.54865	0.50534	0.2075	-0.38236	0.21673	-0.089931	0.13744	0.61016	-0.17958	-0.22801	-0.11298	0.12277	0.12782	0.64859	0.3758	0.6915	0.81215	0.22909	0.0072548	0.041025	0.69563	-0.32653	0.034979	-0.081871	0.71212	0.14101	-0.71285	-0.0030839	-0.067651	-0.31541	0.30197	-0.21137	-0.32126	-0.10569	0.41898	-0.52091	0.046957	-0.24889	-0.28272	-0.31201	0.45971	-0.24807
-0.77589	0.0035109	-0.39993	0.40871	0.94875	0.52622	0.15601	-0.72931	0.69422	-0.23282	-0.7095	-0.1932	-0.089224	-0.1448	-0.83179	0.61969	0.54037	-0.41553	0.10282	-0.015741	-0.61304	0.061271	-0.18114	-0.07757	0.65392	0.07324	-0.12618	-0.15247	-0.062969	0.043277	-0.32085	0.25586	0.47985	-0.72152	-0.65035	0.048805	0.16942	-0.66757	-0.36196	0.60832	-0.23409	0.14758	-0.27058	-0.12626	-0.73661	0.37628	0.23812	-0.14823	-0.22995	0.63778	-0.23379	0.016608	0.03784	-0.22647	-0.38565	-0.20117	0.28041	0.40009	-0.4006	-0.3341	0.1851	-0.31717	-0.1227	0.073321	0.027965	-0.52024	-0.30138	-0.31516	-0.16575	-0.19084	0.62278	0.71841	0.19268	0.05255	0.51074	0.53033	-0.013179	0.34051	0.47648	0.34526	-0.54948	0.47754	0.77505	0.75214	-0.98545	0.013949	-0.43246	-0.69853	0.30273	-0.24777	-0.23402	0.032901	-0.48596	-0.72918	0.32531	-0.54405	-0.52726	-0.6735	-0.20071	-0.44457
-0.15729	0.2853	-0.32558	0.66437	0.54162	-0.19037	0.54535	-0.95891	0.30116	-0.24672	-0.39412	-0.81682	0.53693	0.38986	-0.15932	0.47285	0.80738	-0.019216	-0.21841	-0.20137	-0.20374	0.45197	0.48284	-0.27833	0.27554	-0.21782	0.064894	0.19869	-0.86506	-0.18683	-0.21112	-0.072274	0.026356	-0.2123	-0.37086	-0.39958	0.40476	-0.26822	-0.22753	0.078361	-0.1746	0.60706	-0.42569	0.31477	0.41938	0.46349	0.2623	-0.82462	-0.2259	0.65721	0.66671	0.069003	-0.22083	0.19577	-0.74239	-0.24436	0.52819	-0.21198	-0.24048	-0.11704	0.17877	-0.27832	-0.033238	-0.23374	-0.071571	0.21111	-0.29635	-0.3117	0.11029	-0.66173	0.2031	0.77459	0.33027	0.68109	0.26585	0.33738	0.37358	-0.033192	0.16021	0.012859	-0.1794	0.3584	0.67609	0.41239	-0.87426	-0.24559	0.13305	-0.13424	-0.20767	0.16828	-0.19723	-0.31597	-0.12836	-0.23279	0.39219	-0.34233	-0.088691	0.16937	-0.41076	0.046323
-0.74965	0.0393	-0.30398	0.96178	0.5949	0.30231	0.18665	-0.75058	0.57837	-0.25969	-0.33901	-0.48569	0.20976	0.02342	-0.48119	1.0435	0.17597	0.21156	0.18989	-0.43682	-0.45399	0.89221	-0.077138	-0.019866	0.80827	-0.16674	0.076199	0.576	-0.12985	-0.37986	-0.00065346	0.42519	0.30674	-0.35819	-0.65225	0.23913	0.1445	-0.3881	-0.55601	0.6365	-0.2087	0.07501	-0.24579	0.11608	-0.58893	1.0524	-0.051483	-0.40226	-0.54493	0.6137	-0.081789	-0.20858	-0.11118	0.075488	-0.70405	-0.021709	0.58286	0.032473	-0.25089	-0.34217	0.22744	-0.59349	0.077832	0.70137	-0.070861	-0.37862	0.030541	-0.16555	-0.040266	-0.083619	0.38704	0.76188	0.35054	0.20679	0.20962	0.14617	0.0044202	0.053251	0.35773	0.49435	-0.82626	0.58526	0.59904	0.83524	-1.0286	-0.060346	0.029828	-0.15981	0.080046	-0.48827	-0.1051	-0.41432	-0.0035656	-0.53632	0.50179	-0.21881	0.077719	-0.55908	-0.85397	-0.17957
-0.49162	-0.32731	-0.31146	0.31281	0.13553	-0.17025	0.47307	-0.27522	-0.38827	1.1284	0.26465	-0.70052	-0.10087	-0.44475	-0.30411	0.60073	-0.65341	-0.0018798	-0.11304	-0.55794	0.48676	1.0937	-0.47158	-0.62048	0.48402	-0.025202	-0.36192	0.24271	0.095001	0.11337	-0.0050024	-0.3311	0.34913	-0.11306	-0.76741	0.45542	0.43176	0.42639	-0.099815	-0.53945	-0.19397	0.048604	-0.34335	-0.15913	-0.3237	0.15491	0.17449	-0.36397	-0.12595	0.26541	0.77979	0.29974	-0.962	-0.0053949	-0.95703	-0.32172	-0.2162	0.49848	-0.1401	0.4993	0.60152	0.093036	-0.37005	1.1007	0.82486	0.068719	-0.45399	0.46472	0.16756	-0.78021	0.088232	0.79641	0.61707	0.41642	-0.11138	0.32124	0.19316	-0.11157	-0.097528	-0.77129	0.27263	-0.1599	0.10604	0.066867	-0.37585	-0.1765	0.083442	-0.19757	0.2149	0.070631	0.44758	-0.3241	0.7212	-0.20189	-0.4066	0.21076	0.17601	0.096778	-0.20662	-0.053056
-1.1891	0.047112	-0.052295	-0.26627	0.11765	0.28381	0.65086	-0.42139	0.0027088	-0.30732	-0.35967	0.059944	-0.58729	-0.65518	-0.714	1.2802	-0.17541	-0.49359	0.21383	-0.037784	0.036088	-0.099063	0.099324	0.1886	0.33691	-0.39369	-0.016156	-0.36111	0.1821	-0.042132	0.04166	0.069813	0.28009	-0.10548	-0.38756	0.73863	0.4712	-0.31143	-0.13132	0.20007	-0.22609	-0.11208	0.44488	-0.59246	-0.16902	-0.026696	-0.074891	-0.022239	0.0049629	0.22003	0.2293	-0.26141	-0.23559	-0.11689	-0.59569	-0.65825	0.51015	-0.087985	0.15123	0.58291	0.80379	0.72699	0.62063	0.43277	1.3086	0.22558	-0.56809	-0.17963	0.03104	-0.52247	-0.5781	0.62624	-0.12157	0.29242	-0.13223	0.40394	0.44432	0.16611	-0.44873	-0.069262	-0.031705	-0.011069	-0.37599	0.20202	-0.20421	-0.024316	-0.33611	0.3961	-0.17058	-0.48985	0.47637	0.039225	0.40732	0.11884	-0.15174	-0.5812	-0.483	0.15597	0.19078	0.16366
-0.28814	0.82708	-0.15815	0.57798	0.021785	0.28647	-0.29499	-0.42657	0.51955	0.14286	-0.36544	-0.7069	-0.67217	0.14854	0.075495	0.64884	0.85675	0.58435	-0.22619	0.068791	-0.21988	-0.14561	0.41391	-0.14188	0.46873	-0.2393	-0.53406	0.21029	-0.81106	-0.084	-0.52582	-0.49335	0.51488	-0.55587	-0.42953	-0.42429	-0.042656	-0.32411	-0.64108	0.19327	0.36906	-0.11721	0.44852	-0.17266	-0.24871	0.0097064	0.15301	-0.30915	0.13868	0.55748	0.55637	0.53599	0.012227	0.36717	-0.55963	1.1115	-0.21	-0.42325	-0.43667	0.4599	0.64498	0.35282	0.17913	0.25607	-0.21618	0.11619	-0.33364	-0.27948	0.099889	0.32762	0.12354	-0.052625	0.38124	0.60982	-0.27623	0.4123	-0.044212	0.63551	0.51553	-0.59608	-0.66052	0.41103	-0.34025	-0.76681	0.21061	-0.33087	-0.18165	0.13212	-0.019421	-0.0068124	-0.029309	-0.076306	0.45371	-1.0216	0.15181	-0.20724	-0.14651	-0.067532	-0.58193	-0.51687
0.046139	-0.30864	0.22404	0.076256	-0.28598	0.21306	-0.07199	-0.81593	0.19563	0.21413	0.82786	-0.48531	-0.081044	-0.26146	-0.4963	0.23338	-0.43327	-0.086852	0.11897	0.11987	-0.26245	0.12955	0.31815	-0.36561	0.31263	0.12396	-0.058348	-0.1399	-0.11082	-0.094915	-0.16775	-0.0037638	0.34718	-0.55633	-0.46354	-0.030556	0.3054	-0.70465	-0.097543	-0.054383	0.26921	0.16134	-0.22372	-0.56977	-0.54709	-0.29961	-0.21965	-0.084715	0.36872	0.10695	1.1698	0.15035	-0.24768	0.37364	-1.0331	-0.20226	0.2222	0.50975	-0.31993	0.006353	0.3311	-0.0079384	0.013756	0.62322	1.0657	0.48925	-0.88733	0.54299	-0.41555	-0.62675	-0.17332	0.86531	-0.43761	-0.24368	0.3723	-0.069648	0.1546	-0.11293	0.66427	-0.54404	0.046773	-0.342	-0.24842	0.41031	0.24147	0.040001	0.15667	0.21947	0.69547	0.046115	0.83957	0.56328	0.94825	-0.2986	-0.65743	-0.37427	0.043056	0.42048	-0.1429	0.13948
-0.36097	-0.038175	-0.57097	0.22957	-0.24734	0.26254	0.94505	-0.18557	0.41087	0.45517	-0.02496	-0.73824	0.039108	-0.26576	0.19355	0.25247	-0.42728	-0.49222	-0.0088631	-0.25812	-0.13807	1.203	-0.53817	-0.23787	0.91167	0.17619	0.051565	0.47849	0.17458	-0.46226	-0.42591	0.23805	0.52791	-0.47368	-0.012584	0.19902	0.064789	0.39466	-0.30515	-0.37	0.011175	0.54065	-0.29614	0.3745	-0.47525	0.054023	0.91174	-0.13222	0.29105	-0.19986	1.1215	0.34472	-0.66054	-0.23107	-0.28672	-0.32929	0.20081	0.1067	-0.27058	0.22471	0.34794	-0.049455	-0.0084342	0.97744	0.59428	0.29409	-0.20118	0.18886	0.061201	-0.49952	0.49852	1.2016	-0.0058742	0.21721	-0.0041676	0.14319	-0.06669	-0.74549	-0.0084059	-0.63857	0.29482	-0.098318	-0.04259	0.38204	-0.72379	-0.46018	-0.092596	-0.1144	-0.15759	0.069853	0.17713	-0.009267	0.27269	-0.43165	0.087578	-0.68671	0.4035	0.31184	0.071585	0.027281
-0.35681	0.21786	0.021048	-0.71543	-0.25011	0.0094328	0.53795	-0.1906	0.14834	0.15733	-0.3152	-0.75646	0.11656	0.16624	-0.078258	0.73064	-0.60436	-0.45947	-0.086605	0.25006	0.062321	0.13759	0.78254	0.11905	0.33695	-0.29582	0.076961	-0.057377	-0.297	-0.49743	-0.55675	0.017052	0.59304	-0.47848	0.18261	0.53672	0.1992	-0.19626	-0.058348	0.0028822	-0.068113	-0.12126	-0.53459	-0.4373	0.41692	0.10654	0.37308	-0.73908	-0.010513	0.066235	0.83811	0.073237	-0.092035	-0.14319	-0.28402	-0.31324	0.46303	0.26072	-0.10984	0.46774	1.4516	0.20897	-0.014907	0.96174	0.12099	-0.20797	-0.71147	-0.066298	-0.52618	-0.75291	0.42525	1.183	0.56759	0.43477	-0.23641	0.016273	0.52505	-0.080107	-0.070847	-0.86829	0.14747	-0.20945	-0.34129	0.23651	-0.14329	-0.79322	0.11759	-0.072905	0.20533	0.022463	0.46054	0.54596	0.3584	0.075222	-0.21466	0.24722	0.46136	0.65845	-0.34921	-0.29993
-0.23128	0.20439	-0.23123	1.08	0.65204	0.40333	0.25769	-0.58766	0.6287	-0.47989	-0.15252	0.10227	-0.13615	0.13842	-0.47787	0.68626	0.67637	-0.067415	-0.062704	-0.35641	-0.20233	0.99532	0.52515	0.0905	0.8404	-0.28495	-0.24075	0.29367	-0.05339	-0.29048	0.33981	0.25498	0.15307	-0.032355	-0.82504	0.11574	0.31191	-0.6033	-0.34261	0.48994	-0.47044	0.026431	-0.34447	-0.10465	-0.39592	0.54155	0.33127	-0.37047	-0.36766	0.55392	-0.62272	0.45826	-0.21029	0.44767	-0.54783	0.081153	0.80296	0.44233	-0.15742	0.21275	0.25897	-0.46526	0.34709	0.97244	0.013299	-0.40962	-0.22238	-0.23619	0.26148	-0.27134	0.52614	0.96992	0.59082	-0.0013565	0.37836	0.14824	-0.19468	-0.34662	0.43366	0.16305	-0.79717	-0.16614	0.52241	0.41815	-0.77855	-0.34185	0.013139	-0.71939	0.5114	-0.36449	-0.21238	-0.4268	0.042037	-0.49855	0.76586	-0.23569	-0.57595	-0.69071	-0.7433	-0.47068
0.096931	0.34285	-0.47655	-0.15138	-0.12663	0.77765	0.08802	0.060256	0.11288	0.8464	-0.50407	-1.033	-0.15979	-0.47331	-0.18196	-0.26379	-0.47569	0.22675	-0.43726	-0.42498	0.13663	0.71639	0.4761	-0.23367	1.0282	0.30972	0.35656	0.083343	0.24586	-0.24921	-0.15283	0.32994	0.49935	-0.15176	0.26519	0.13956	0.61571	0.22537	-0.18727	-0.16255	-0.302	0.0062997	0.11214	-0.060685	-0.40956	0.49113	0.48106	-0.46523	0.4007	0.15316	0.52287	0.61217	-0.71073	-0.19416	-0.94532	-0.64974	-0.040464	0.58051	-0.15088	0.57722	0.71738	0.74817	0.2767	1.5117	0.6823	0.29686	-0.1921	-0.35394	-0.32092	-0.14415	-0.32967	0.71161	0.12072	0.61388	-0.13182	0.29016	0.2601	-0.21876	-0.1237	-0.51415	0.27482	0.062855	-0.18625	0.45905	-0.37539	-0.49794	0.30384	0.35812	-0.55309	-0.058909	0.27626	-0.29435	0.19492	-0.46096	0.59462	-0.47871	-0.52421	0.57277	-0.41057	0.10532
-0.058066	0.46879	-0.56955	0.59577	0.20926	0.3229	-0.5734	-0.72227	0.37822	0.13844	-0.45975	-1.1568	-0.48885	0.44233	-0.13055	0.13846	0.53678	0.65077	-0.10992	0.067278	-0.47337	0.0073245	0.17082	0.3031	0.64533	0.1762	-0.19091	0.26658	-0.80576	0.12516	-0.63321	-0.31734	0.26135	-0.29899	-0.48258	-0.54042	0.33733	-0.0090585	-0.61449	0.39576	0.26853	0.18374	0.50349	-0.014096	-0.23013	0.2247	-0.13306	-0.13403	0.49138	0.74403	1.0271	0.57611	-0.093806	0.069012	-0.69772	1.186	-0.53418	-0.17196	-0.016589	0.34234	0.61744	0.1641	0.40511	0.12954	-0.52862	-0.15808	-0.21388	-0.22477	-0.022079	0.57195	-0.080433	0.48458	0.4604	0.24801	0.019448	0.7028	-0.061856	0.48603	0.40494	-0.4755	-0.51271	0.17191	-0.25325	-0.56568	-0.42291	-0.24475	-0.15192	-0.028882	-0.34957	-0.22589	-0.06398	-0.16632	0.31197	-1.0106	0.11946	-0.28476	-0.0025965	-0.29718	-0.55405	-0.52512
-0.26228	0.7627	-0.73632	0.8204	0.147	-0.32393	-0.15548	-0.5063	0.5967	0.28854	-0.59202	-1.0495	-0.19759	0.21682	0.19731	-0.22338	0.70197	0.5362	0.48112	0.16062	-0.41674	0.3686	0.30702	-0.091201	0.20097	-0.38943	-0.2243	0.44438	-0.62337	-0.091363	-0.81596	0.33865	0.39386	-0.40522	-0.35414	-0.092561	-0.17331	-0.75909	-0.13058	0.40712	0.33876	0.3073	0.06412	-0.095489	-0.094685	0.28751	-0.67303	-0.43836	-0.19778	0.76128	0.38695	0.042163	-0.053738	0.21716	-0.41243	0.56195	0.072157	-0.60494	-0.49773	0.36278	0.086661	-0.072132	0.58198	-0.35912	0.3592	0.46675	-0.26014	-0.046425	0.060972	0.069467	-0.038389	0.32268	0.34525	1.0842	0.34186	0.33643	0.16966	0.065938	0.22698	-0.58875	-0.0018599	0.20673	0.31408	-0.17932	-0.18577	0.15463	-0.35337	-0.063715	0.21847	0.35852	-0.36197	0.089528	0.23503	-1.172	0.060497	-0.22246	0.34708	-0.26256	-0.023562	-0.7232
-0.79977	0.12666	-1.0846	0.6893	0.5595	0.14166	-0.00019756	-0.31457	0.22092	-0.61134	-0.87505	-0.51944	-0.35775	-0.16786	-0.68268	0.2608	0.58935	-0.32842	-0.39527	-0.26471	-0.31248	0.06218	0.12881	-0.34975	0.61496	0.32856	-0.16882	0.45494	-0.34763	-0.13599	-0.11882	0.09868	0.5271	-0.5746	-0.27673	-0.3566	-0.021075	-0.079155	-0.12601	0.40057	-0.073019	0.33514	-0.036793	-0.034731	-0.012025	0.4423	-0.18128	-0.47021	-0.15625	0.26499	-0.045072	-0.15348	-0.25286	-0.10846	-0.055417	-0.013041	0.64796	0.11034	0.084479	-0.25141	-0.13647	-0.54034	-0.14402	0.42649	-0.28895	-0.33065	-0.27415	-0.11327	-0.062135	0.071285	0.023338	1.3543	0.41683	-0.11799	0.64962	0.19538	0.25067	0.32757	0.61548	0.0081026	0.06721	-0.082707	-0.10117	0.84429	-0.621	0.12429	-0.85578	-0.097564	0.23895	-0.10417	-0.24591	-0.29827	0.02632	-0.74221	0.43756	0.3496	-0.022922	0.21709	-0.25362	-0.47123
0.16538	-0.033504	-0.57699	-0.27703	-0.16958	0.22209	0.77276	-0.45181	0.39001	1.0412	0.0042221	-0.83176	-0.1388	-0.26866	0.015384	0.31715	-0.35861	0.055936	-0.024683	0.16124	-0.0076364	0.74238	-0.11124	0.019235	1.0939	0.20072	0.2055	0.28229	0.089162	-0.45425	-0.84681	0.35245	0.36668	-0.10615	-0.0048816	0.23397	-0.046149	0.36918	-0.13103	-0.36983	-0.27475	0.23839	0.12888	-0.46381	-0.40996	0.17232	0.44305	-0.20522	0.80967	0.22802	0.77472	0.80743	-0.68492	-0.33366	-0.32718	-0.61995	-0.17384	0.52017	-0.29147	0.48457	0.57578	0.58869	-0.089987	1.29	1.3543	0.33867	-0.50095	-0.014856	-0.47593	-0.51585	0.047355	0.84878	0.15787	0.646	0.22414	0.49846	0.091797	-0.039596	0.12759	-0.76251	0.39609	-0.34887	-0.30597	0.5966	-0.48211	-0.46245	0.19996	0.21131	-0.25195	-0.0038528	0.13286	-0.02497	0.017147	-0.10015	-0.11093	-0.15225	-0.25763	0.55925	-0.25967	-0.33991
0.2254	0.4477	-0.5138	0.058967	0.36863	-0.027326	-0.078381	-0.67688	0.3348	-0.060396	-0.0067285	-0.56904	-0.097445	-0.0909	-0.14453	0.12634	0.76234	0.17958	-0.16501	0.70493	-0.31918	-0.019773	-0.075994	0.29032	0.13545	-0.6216	-0.50693	0.64747	-0.7458	-0.1218	-0.39461	0.076029	0.71373	-0.33486	-0.274	-0.090172	-0.33772	-0.46447	-0.60213	-0.51425	-0.27527	0.15438	0.65305	-0.16024	-0.25549	-0.083456	-0.30548	-0.72831	-0.14272	0.86657	0.58056	0.71285	-0.029948	0.82627	-0.21919	0.65485	-0.10249	0.025926	-0.35543	0.077548	0.70171	0.10494	0.18385	0.045803	0.22839	0.46743	-0.65309	0.093452	0.17407	0.22241	0.41962	-0.061651	0.16721	0.22025	-0.193	0.15436	-0.46721	0.41487	0.0063583	-0.64291	-0.76712	0.56532	-0.086502	-0.63198	-0.22063	-0.95778	-0.28917	-0.38042	-0.8071	0.36747	-0.68789	-0.19452	0.46529	-0.79299	0.31655	-0.12299	0.59267	-0.1237	-0.55576	-0.72075
-0.062164	0.11089	-0.69755	-0.2967	0.12907	0.29484	0.69488	-0.39948	-0.11864	0.73711	-0.24286	-0.85878	-0.2402	-0.055455	0.025334	0.33836	-0.6174	-0.057819	-0.035331	0.04188	0.0045866	0.51525	-0.05701	0.091965	0.75003	-0.051433	0.42015	-0.04407	0.33041	-0.4389	-0.49802	0.13476	0.54505	0.059952	0.32135	0.057248	-0.0071722	0.26571	-0.20058	-0.40415	-0.33886	0.34279	0.23204	0.3554	-0.18132	0.34655	0.67404	-0.35011	0.35614	0.30534	0.84377	0.3172	-0.459	-0.14803	-0.41328	-0.42529	0.84631	0.066441	-0.094366	0.35043	1.0111	0.16598	0.35009	0.92925	0.57368	0.076536	-0.25809	-0.11466	-0.27182	-0.57097	0.53886	0.86238	0.28565	0.99011	0.33684	0.49227	0.33814	-0.16883	0.11118	-0.64536	-0.009581	0.15731	-0.034248	0.24589	-0.76107	-0.91706	0.16867	0.22598	0.052348	0.153	0.49118	0.18305	0.59801	0.12021	-0.12111	-0.16621	0.099883	0.38053	-0.27685	-0.0061399
-0.5386	0.12929	0.35152	-0.18952	-0.34504	0.19826	0.29617	-0.41224	0.43511	0.52693	-0.13887	-0.9613	0.23874	0.29181	-0.43202	-0.028521	0.087885	-0.47495	0.65612	-0.12895	-0.14991	0.75394	-1.0601	-0.95451	0.5582	-0.32257	0.029856	-0.72439	-0.33052	-0.82617	-0.04285	0.81417	0.14857	-0.80704	-0.098771	0.057343	0.19877	-0.12134	-0.1023	-0.67891	-0.35942	0.1191	-0.02911	0.82409	-0.70316	0.10943	-0.12207	-0.029002	-0.037225	0.12185	0.19411	0.1019	-1.4065	-0.38239	-1.1468	-0.47438	0.0017815	0.17731	-0.21175	0.64632	0.61304	0.49396	-0.0094344	0.79405	0.73254	-0.65155	-0.12616	0.59302	-0.21595	-0.11496	0.39702	0.48607	0.21145	0.028854	-0.04001	0.21235	0.06154	0.25059	0.69414	-0.84548	0.541	0.013291	-0.12501	0.47901	-0.36535	0.11666	0.42458	-0.17681	0.36013	-0.17948	0.17121	-0.054366	0.50283	-0.2149	-0.15248	-0.52287	0.010329	0.50271	0.16479	-0.65759
-0.46904	-0.23234	-0.6549	0.59802	0.037126	0.55122	-0.11494	0.078215	0.72956	-0.42787	-0.25278	-0.24314	-0.35859	-0.2062	-0.42732	0.99982	-0.18182	-0.14012	-0.017389	0.32153	-0.51535	-0.36859	-0.14948	0.60064	0.82836	0.0025173	-0.35276	-0.10972	-0.30539	0.021065	-0.39907	0.22664	0.24425	-0.7863	-0.69201	0.16438	0.010639	0.077287	0.66862	0.53428	0.36326	0.24149	0.075691	-0.81021	-0.3542	0.27792	-0.35689	-0.17793	-0.2028	-0.2262	-0.43681	0.32237	-0.59493	-0.31157	-0.16486	-0.36897	0.0073647	0.30436	0.28075	0.11216	0.65209	0.44842	-0.1914	0.73469	0.46272	-0.33044	-0.73676	-0.28241	0.40297	-0.28521	0.14307	0.39102	-0.15658	0.33133	0.1921	0.69187	0.66761	-0.28551	0.077896	0.35923	-0.057191	0.12714	-0.74431	0.53548	-0.40232	-0.26625	-0.13581	-0.13111	-0.087329	-0.64936	0.93316	0.093861	0.24048	-0.66917	0.18642	-0.75638	0.15882	0.068353	-0.17879	0.43831
-0.49124	0.082661	0.37857	-0.080962	-0.15512	0.77596	0.34371	-0.81022	-0.067114	0.63377	-0.052238	-0.80262	0.2393	0.16951	-0.46399	0.11981	-0.031124	-0.27068	0.44069	-0.23212	0.10566	0.86059	-0.96036	-1.067	0.58554	-0.14732	0.16499	-0.43607	-0.44446	-0.86198	-0.22303	0.63558	0.11728	-0.74448	-0.41791	0.20759	0.097662	0.40894	-0.41556	-0.37798	-0.27935	0.23082	-0.079352	0.57747	-0.55555	0.13714	-0.062236	-0.27257	0.25312	0.23704	0.47176	0.36301	-0.96238	-0.021517	-1.1907	-0.63449	-0.16915	0.22767	-0.34015	0.9207	0.70938	0.39636	0.053244	0.90327	1.0141	0.069072	-0.10297	0.56645	-0.47831	-0.10373	0.24722	0.54875	0.54857	-0.19651	0.10893	0.4361	0.2337	0.57363	0.43209	-0.68188	0.56099	-0.16906	-0.4764	0.3711	-0.0064821	-0.0060776	0.25286	0.19432	0.49935	-0.44707	-0.093137	0.15299	0.63384	0.19552	-0.060027	-0.44371	-0.40006	0.67716	0.19094	-0.82111
0.26782	-0.37736	-0.80997	-0.51864	-0.16922	-0.11653	0.56454	-0.34922	0.14932	0.85197	-0.68406	-0.75904	-0.16721	0.054768	-0.11433	0.27236	0.016633	-0.45305	-0.037268	0.014742	-0.51054	0.59561	-0.51628	-0.64831	0.23583	0.26705	0.086237	-0.10641	0.23661	0.60343	-0.13758	0.32708	0.64047	-1.0224	-0.12861	-0.30623	0.18418	-0.040082	-0.37032	-0.36639	-0.079222	0.050797	-0.67581	0.09705	0.49269	-0.21525	0.034947	0.19406	-0.23784	0.11796	1.6084	0.20631	-1.0507	0.43112	-0.38479	-0.025569	0.12465	0.32188	-0.057223	0.4198	0.20867	0.48841	-0.29448	1.0447	-0.017742	0.1554	-0.46336	0.061278	0.13821	-0.51635	1.0526	0.78526	0.89839	0.90033	0.3303	0.29817	-0.41741	0.14744	-0.12159	-0.23132	-0.036443	0.28815	0.31951	0.44489	-0.60943	-0.38072	0.13887	0.40664	-0.032415	0.4224	0.6465	0.1448	-0.12349	-0.81787	-0.15623	0.2276	0.24723	-0.11219	-0.78044	-0.34807
-0.15533	-0.61176	-0.35617	0.35799	-0.18594	0.18463	0.26925	-0.30696	0.31756	0.61588	-0.094722	-0.38861	-0.27656	-0.25974	-0.62233	0.16329	-0.13605	0.24402	-0.17421	0.24431	-0.064397	-0.065452	-0.070951	-0.056054	0.03273	-0.19811	-0.45222	-0.51002	0.25893	-0.50911	-0.14804	0.10218	0.072144	-0.19183	-0.11917	0.030869	0.145	-0.56458	0.51622	0.16946	-0.048484	-0.22683	-0.33269	-0.49769	-0.13285	0.67869	0.33288	-0.51453	0.52124	0.3407	0.24165	0.15095	-0.37815	0.35699	-0.234	-0.025564	0.36312	0.40214	-0.2522	0.21638	0.90997	0.37838	0.28165	0.72357	1.0848	0.57105	-0.78018	0.71032	0.062611	-0.953	-0.5041	0.62638	0.038963	0.042879	0.66354	-0.067855	0.37698	-0.4413	0.34202	-0.45909	-0.75431	-0.32197	-0.28779	0.8331	-0.76572	-0.55533	0.17925	-0.18155	0.15856	-0.13482	0.67311	0.4453	0.83775	-0.88218	-0.86863	-0.22351	0.19169	0.39127	-0.65423	1.1265
-0.49722	-0.085965	-0.29429	0.26012	0.38339	0.033543	0.16873	-0.57231	0.53617	-0.19651	-0.20941	-0.8949	0.53791	0.063233	-0.24367	0.34811	0.50649	0.10043	0.3755	0.43503	-0.25589	0.76717	0.66134	-0.20934	0.0101	-0.41919	0.16021	0.28998	-0.11121	-0.50889	-1.1939	-0.2319	0.13921	-0.35098	-0.6026	-0.51982	0.0028634	-0.21437	-0.20491	0.15015	0.14942	0.79458	-0.10228	0.44431	0.24092	0.39275	-0.18382	-0.69978	-0.15448	0.64577	0.84589	0.19922	-0.35896	0.20294	-0.86504	-0.061094	0.59383	-0.02614	-0.89118	0.52027	-0.093329	-0.40496	0.68401	-0.15014	0.43337	0.60754	-0.28195	-0.1614	-0.017627	0.10135	0.86744	0.79313	0.75245	0.42287	0.2385	0.94591	0.50801	-0.12385	-0.1807	-0.2447	-0.089024	0.20613	0.52871	0.44223	-1.1331	-0.079554	0.16016	-0.079934	-0.02338	-0.043524	-0.37369	-0.27196	-0.058154	-0.32558	0.3331	-0.59586	-0.2884	0.21959	-0.11767	-0.051569
-0.11644	-0.087183	-0.48296	-0.18641	-0.54635	0.7152	0.47945	-0.17111	0.11975	1.0033	-0.70534	-0.96057	-0.45153	-0.026179	-0.023609	0.0017822	-0.22663	0.27267	-0.26627	-0.24977	-0.22838	0.47152	-0.25786	-0.66719	0.79377	-0.099532	-0.26569	-0.0051206	-0.12967	-0.19619	-0.19447	0.20407	0.056293	0.036895	-0.44643	0.068185	0.23751	0.76451	-0.47582	0.20563	0.017672	0.47651	-0.35801	-0.18044	-0.52074	0.17775	0.20811	-0.24848	0.15851	0.12098	0.79498	0.49205	-0.68545	-0.14736	-0.56913	-0.39446	-0.72442	-0.16425	0.011716	0.41286	0.64989	0.36831	-0.11404	1.5834	0.97767	0.51147	-0.0018264	-0.095472	0.16697	-0.45384	-0.14209	0.35694	0.5056	0.54966	0.53996	0.011595	-0.031103	-0.25878	-0.24636	-0.76625	0.27558	-0.44762	-0.19145	0.30123	-0.51879	-0.81732	-0.49931	-0.26008	-0.27118	-0.23533	0.036625	-0.08444	0.40203	-0.19585	-0.6637	-0.31948	0.27637	-0.099668	0.069756	-0.20655
-0.5706	-0.27941	-0.20339	0.18393	0.13828	0.17337	0.46575	-0.38133	-0.202	0.66061	0.19247	-0.88775	0.1999	-0.35467	-0.089873	0.54113	-0.51004	-0.20475	0.14703	-0.12961	0.20044	0.61455	-0.3849	-0.44745	0.46936	-0.088868	-0.34314	0.13655	-0.38896	-0.046056	-0.20639	-0.11856	0.6713	-0.3291	-0.86743	0.4488	0.29602	0.15096	-0.12546	-0.14277	-0.55926	0.085845	-0.42073	0.4679	-0.43113	0.12419	0.28657	-0.17558	-0.099572	0.03893	0.51151	0.32917	-0.74067	0.063181	-0.97283	-0.45288	-0.38092	0.27372	-0.22646	0.4722	0.7292	0.078328	0.37615	0.69996	0.82738	-0.33032	-0.43297	0.47329	-0.30772	-0.66812	-0.16159	0.84317	-0.17643	0.18883	0.23509	0.51012	0.18966	-0.015655	0.086608	-1.0191	0.024708	-0.036991	-0.74972	0.46033	0.016972	-0.17686	0.14549	-0.1356	0.27446	-0.26202	0.5196	-0.20477	1.1629	0.030748	-0.3929	0.20322	-0.054726	0.048532	-0.13038	-0.18423
-0.3688	-0.32698	-0.53282	-0.12413	0.26629	-0.18716	0.67166	-0.57865	0.21449	1.4487	-0.16045	-0.38386	-0.2331	-0.0040209	-0.28746	0.2612	0.30166	-0.04791	0.15324	-0.10602	-0.032883	0.6003	-0.45559	-0.28727	0.85641	0.11422	-0.24464	-0.10903	0.015589	0.47348	0.2293	0.31791	0.74945	0.0012702	-0.05286	0.25359	0.51944	0.30032	0.0084835	-0.5635	-0.44827	-0.038332	-0.70096	0.34018	-0.25884	0.33424	0.23389	0.14556	-0.059362	0.096728	0.74343	0.07482	-0.78501	0.16745	-0.75932	0.062113	-0.37079	0.69979	0.032195	0.42154	0.44769	0.75705	0.50131	0.7429	0.74632	-0.25654	-0.018841	0.13972	-0.15394	-0.47058	0.28925	0.78297	0.46299	0.83409	0.61973	0.14639	0.031414	0.0050611	0.24131	-0.70585	0.074479	-0.28102	0.20639	0.41801	-0.40179	-0.30413	0.22441	-0.013313	0.038065	0.18361	0.92005	0.096838	1.0325	-0.51053	-0.19938	0.6212	0.43649	-0.27528	-0.09929	0.015091
-0.034621	-0.088999	0.40174	-0.047304	-0.5404	0.19987	-0.44993	-0.32058	-0.088385	-0.16195	-0.2871	-0.51872	-0.13744	-0.059834	-0.74002	-0.083697	-0.50249	-0.045456	-0.49915	-0.3551	-0.7601	-0.51503	0.64966	-0.061164	-0.2938	0.25512	-0.43147	0.12628	-0.20328	-0.24143	-0.30805	0.57317	0.11172	-0.7586	0.51461	0.027546	-0.060511	-1.1739	0.17416	-0.3619	-0.064624	-0.23129	-0.48312	-0.28451	-0.32419	-0.19897	-0.04032	-0.079142	0.27346	0.19436	0.16667	0.36343	-0.88028	0.25368	-0.46277	0.35874	0.61599	0.24493	-0.046107	0.42943	0.21538	0.21158	-0.41331	0.23685	1.3634	-0.038483	-0.24044	0.46108	0.39668	-0.5073	0.54087	0.31976	-0.56838	-0.12317	-0.08304	0.26654	0.002513	0.3864	0.54893	-1.007	0.23819	-0.14373	0.5798	0.049726	-0.30199	-0.1193	0.65316	-0.51391	0.27429	0.40177	0.469	0.89925	0.13754	-0.52402	-0.057157	-0.11006	-0.22967	-0.55146	0.081367	-0.13054
-0.42708	-0.077032	0.43118	0.45136	-0.24072	0.26795	0.22715	-0.36371	-0.46413	0.14013	-0.19528	-0.19943	-0.48379	-0.26609	-0.38188	0.028831	0.38936	0.25532	-0.39861	0.033152	-0.20931	-0.13853	-0.27288	-0.60896	-0.41548	0.79958	0.14369	-0.39319	-0.20338	-0.30961	0.019674	0.014822	-0.14606	-0.60594	0.053754	0.15123	0.21432	-0.90133	-0.13631	0.029618	0.27995	0.4282	-0.46765	-0.24664	-0.60364	0.30845	-0.071401	0.010575	0.0077692	0.16008	0.4382	0.75111	-0.61386	0.51588	-0.46209	-0.42495	0.74191	-0.036706	-0.16815	0.3139	-0.066328	0.39361	-0.1583	0.239	0.65036	0.14154	-0.72433	0.21507	0.20768	-0.51998	0.76175	0.64408	0.57976	0.10543	0.052283	0.21696	-0.19112	0.8167	0.0061909	-0.21854	0.1883	0.3603	0.24245	-0.32594	-0.68109	-0.058067	0.50515	-0.23565	-0.057547	0.076773	0.91055	0.25586	0.40478	-0.62825	0.84148	-0.054865	0.17834	-0.14216	-0.02883	-0.099262
-0.53968	-0.39998	0.75246	-0.079642	-0.48791	0.10141	0.34822	-0.70606	-0.69082	0.15916	-0.61324	-0.58288	-0.14521	-0.28425	-0.37264	-0.37958	0.37158	0.054697	-0.65911	0.024427	0.1318	0.46386	0.17594	0.33094	-0.31995	1.0361	-0.17634	0.25707	-0.45753	-0.19708	-0.17118	0.85254	-0.25614	-0.37026	-0.022231	0.21081	0.16727	-0.86845	-0.26122	-0.19938	-0.58142	-0.62824	0.17614	-0.29956	0.068516	0.72294	0.2297	-0.38977	-0.10104	-0.3127	0.99512	0.22518	-0.73241	-0.34591	-0.89028	-0.15341	0.7601	0.20118	-0.067558	0.48318	0.32329	0.55575	-0.34709	0.12966	0.56896	0.099612	-0.43244	0.25276	-0.11315	-0.15169	-0.099419	1.0135	0.55112	-0.087081	-0.27109	-0.10643	0.49854	0.098481	0.54691	-0.32686	0.12857	0.074611	0.34589	-0.067928	-0.26861	-0.59199	0.37515	-0.58951	0.17449	-0.40145	-0.083105	0.38966	0.85068	0.045857	-0.35764	-0.75716	0.15175	-0.29655	-0.49161	-0.043679
-0.2237	-0.26711	0.55182	0.091175	-0.58173	0.069	0.3928	-0.80953	-0.40609	0.065114	0.0096106	-0.89158	-0.056876	0.055063	0.26901	-0.33273	-0.071975	0.36467	-0.2381	-0.85747	0.16648	0.91198	0.1749	-0.081442	-0.35106	0.35052	0.21584	1.0426	-0.072213	-0.015575	0.3738	-8.3168e-05	-1.0399	-0.21785	-0.54758	0.75927	0.20885	-0.63839	-0.27614	-0.11107	-0.018474	0.16375	0.2534	-0.058513	-0.55298	0.084959	-0.39845	0.055114	-0.3845	0.3637	0.74163	0.6454	-0.8668	-0.046464	-0.85673	-0.57706	-0.24735	-0.25838	-0.13669	0.59439	0.23338	0.51123	0.079261	0.90093	1.2107	0.5851	-0.22598	0.19574	-0.3032	-0.87376	0.073841	1.2327	0.52383	0.059051	-0.54501	-0.53757	0.76343	-0.45274	0.45509	-0.42629	0.047898	-0.29973	-0.27446	-0.33215	-0.12122	-0.24498	-0.48596	-0.17278	0.64346	-0.068227	0.45308	0.020713	0.24486	-0.30758	-0.31247	-0.86398	0.20168	-0.16092	-0.2296	-0.83673
-0.24964	0.18707	-0.1425	0.15036	-0.67958	0.46264	0.35692	-0.53059	0.10624	1.1961	-0.5018	-0.97655	-0.30127	-0.2706	0.11958	-0.27201	-0.02547	0.47248	-0.32858	-0.42231	0.14539	0.48623	0.13796	-0.72376	0.35307	-0.24509	-0.12541	0.26608	-0.06033	-0.23993	0.063142	-0.45648	0.43086	-0.26041	-0.38013	0.082697	0.071128	0.41379	-0.23847	-0.0024366	-0.23491	0.2517	-0.2862	-0.72713	-0.48197	-0.093766	0.1843	-0.6513	-0.23874	0.20271	0.47453	0.88395	-0.93339	0.013472	-0.33245	0.17956	-0.50157	0.051647	0.10743	0.68338	0.63654	0.81421	-0.16047	1.3768	0.74331	0.42413	-0.25877	-0.27422	0.1829	-0.3407	-0.69308	0.17213	0.85296	0.38835	0.16368	-0.34777	0.43024	-0.45272	-0.17372	-0.82872	0.028142	-0.16999	-0.18304	-0.14728	-0.2741	-0.32541	-0.12132	-0.19081	-0.079301	-0.33141	-0.16088	0.027942	0.49684	-0.39791	-0.33222	-0.48093	0.43785	0.028795	-0.065153	0.1826
0.091046	-0.21318	0.46079	-0.14842	-0.63208	0.082607	0.01475	-0.56481	0.12033	0.32291	0.24326	0.057855	-0.17093	-0.42832	-0.31764	0.3428	0.199	0.049541	-0.024715	0.16658	-0.73139	-0.54928	0.12452	-0.43889	-0.27634	-0.023279	0.21887	-0.68066	-0.47119	0.11857	-0.69111	0.41225	0.10004	-0.52677	-0.16993	0.39206	0.21012	-0.6979	0.19077	0.035502	-0.22857	0.11038	-0.56843	0.5013	-0.67692	-0.31202	-0.12612	-0.3601	0.22344	0.12632	0.75671	0.44897	-1.0644	-0.16056	-0.87949	0.021502	0.35789	-0.062705	0.34266	0.032989	0.45625	0.34697	-0.11203	0.023504	1.1819	0.068402	-0.51318	0.87234	-0.32442	-0.53378	0.42548	0.2855	0.0028715	-0.6818	0.33514	0.41927	0.1417	0.74236	0.83972	-1.1219	0.048601	-0.27094	0.3534	0.55074	-0.49197	-0.16372	0.55063	-0.10271	0.34249	-0.59297	0.80507	0.63138	0.43664	-0.24336	-0.33795	-0.36482	0.26143	0.20912	-0.16782	0.18622
-0.37289	0.41836	-0.46703	-0.08463	0.026032	0.17404	-0.093975	-0.44817	0.16008	0.29508	-0.5007	-0.59343	0.10792	-0.04607	0.27944	0.25395	0.0038544	-0.42661	-0.020487	-0.91581	0.42769	0.32476	0.17952	-0.20446	0.41378	-0.53645	-0.017563	-0.27354	-0.12659	0.045528	-0.2321	-0.034417	-0.074898	-0.44978	-0.29075	0.67067	0.86363	-0.11833	0.044958	-0.40438	-0.036839	-0.19146	-0.46863	-0.32553	-0.10939	-0.53919	-0.15316	-0.12998	0.03301	0.34498	-0.56343	-0.30804	-0.13919	0.29921	-0.48821	-0.37793	0.18871	0.39082	0.14875	-0.32042	-0.16547	0.02449	0.020341	0.62278	0.11477	0.10905	-0.90551	0.50622	1.3353	-0.24516	0.29327	0.52451	0.14109	0.20402	0.01546	0.44839	0.20779	-0.18903	0.043024	-0.44883	-0.33202	0.27212	0.60701	-0.70195	0.35942	-0.16594	-0.33764	-0.15162	-0.26816	0.0066532	0.1631	-0.078697	0.88983	0.53294	0.019312	-0.5697	0.20473	-0.29496	-0.14683	-0.062941
0.28409	-0.17045	-0.3694	0.28605	-0.22678	-0.23832	0.32044	-0.24669	0.37715	0.025252	0.41928	-0.24274	-0.37211	-0.5034	-0.45092	0.26385	0.13031	0.10576	-0.11906	-0.30216	-0.50437	-0.24833	-0.019148	-0.44735	-0.49635	0.34495	0.47248	-0.77393	-0.11426	-0.41831	-0.29378	-0.079061	-0.0033429	-0.70649	-0.26881	-0.32353	0.41601	-0.76457	0.25876	0.25496	0.080154	-0.24647	-0.10645	0.42425	-0.15115	0.033231	-0.13493	-0.286	0.050442	0.16944	0.37841	0.1914	-0.60891	0.63652	-0.13805	0.19355	0.77004	-0.21615	0.16123	0.35888	0.89663	0.058768	0.51572	-0.074873	1.0708	0.22935	-0.51706	0.49248	-0.0082118	-0.33537	0.020887	0.48621	0.21009	-0.67387	-0.018386	0.1155	0.33858	-0.15973	0.55912	-0.71228	-0.084438	0.097786	0.36833	0.72723	-0.44761	-0.011137	0.45927	-0.52623	-0.17082	0.1734	1.4983	0.28495	0.73349	-1.0498	-0.61833	-0.14709	-0.083739	0.25321	-0.44619	0.2181
-0.50559	-0.47811	-0.0065339	0.35034	-0.52886	0.14078	0.020446	-0.85806	-0.32431	0.38334	0.49303	-0.64139	-0.0090399	-0.62517	-0.45595	-0.34061	0.18627	0.093362	-0.30118	0.097276	-0.44134	-0.2403	0.20543	-0.10494	-0.42931	0.37256	0.64265	-0.37845	-0.27589	-0.038697	-0.5483	0.39077	0.11819	-0.42119	0.31998	-0.1572	0.46126	-0.86109	-0.082609	-0.2535	-0.29229	0.66473	-0.4768	0.14692	-0.14371	-0.12456	-0.083823	0.24308	0.33326	-0.19603	0.53099	0.70261	-1.0487	0.0014929	-1.1117	-0.042267	0.74011	-0.20125	0.11681	0.79774	0.41335	-0.12905	0.22698	0.1413	0.74457	0.10189	-0.91036	0.63744	-0.4265	-0.66131	0.51616	0.60934	0.26582	-0.30353	0.1331	0.0024688	0.075772	0.30494	1.097	-0.5005	0.058808	-0.32451	0.61568	-0.10133	-0.48997	-0.62942	0.31815	-0.04615	0.17528	-0.013774	0.61731	0.40783	0.17616	-0.62642	-0.033479	-0.53032	0.14746	0.12235	-0.14197	-0.1633
-0.15885	-0.42114	0.025866	0.11372	-0.65254	-0.17253	0.030782	-0.42439	-0.5819	0.064105	0.049331	-0.50205	-0.0040749	-0.06624	-0.59411	0.072824	-0.30859	0.22373	-0.31824	0.17732	-0.69088	-0.047466	0.28583	-0.9102	-0.38645	0.48242	0.19996	-0.15507	0.063395	-0.37192	-0.042467	0.48152	-0.10017	-0.3725	0.14204	-0.024941	0.25587	-0.92923	-0.12143	0.21057	-0.2135	0.28173	-0.53456	-0.43683	-0.62218	-0.071757	0.15508	-0.2027	-0.38578	-0.19237	0.16524	0.76318	-1.1227	0.50166	-0.43365	-0.40433	0.61122	0.030965	0.61839	0.067285	0.18642	0.38489	-0.14343	0.65103	1.1156	0.36335	-1.0062	0.2245	0.16352	-0.62291	0.027357	0.8593	0.15171	-0.32755	0.29382	-0.38513	0.64288	0.21367	0.63223	-0.19711	-0.08011	-0.45914	0.47863	0.30984	-0.012498	-0.22097	0.11513	-0.17084	0.32912	-0.36185	0.58594	0.015402	0.44195	-0.37513	-0.36887	-0.29298	0.16439	0.27684	0.017829	0.11521
-0.51621	0.29818	0.18157	-0.5243	-0.23426	0.57631	-0.4028	-0.5386	0.21014	0.6076	-0.36722	-0.3161	-0.048547	0.20595	-0.62382	0.33611	0.52096	-0.64673	-0.87068	0.035835	-0.13938	0.31223	-0.50048	0.2966	0.80145	0.062465	-0.64799	-0.53092	-0.32605	0.4208	0.072716	-0.049548	-0.12932	-0.22835	-0.70115	0.26374	-0.2382	-0.36477	0.090829	0.048184	0.27981	0.27067	-0.2035	-0.58965	-0.23531	0.32528	-0.1077	0.019936	-0.25798	-0.43833	0.084889	-0.061406	-1.0152	0.20351	-0.25905	0.40214	0.87676	-0.20807	0.61719	0.29692	0.59127	-0.0034774	-0.41828	0.33952	0.61076	0.012911	-0.34248	0.71049	0.62138	-0.48501	-0.86413	0.93876	0.48707	-0.11859	-0.044601	0.51707	0.06074	-0.28188	-0.37474	-0.022339	-0.26942	-0.34878	-0.50527	0.21131	-0.094035	0.032433	0.033743	0.61791	-0.32979	0.27132	0.13639	0.21917	0.52031	-0.2836	-0.53096	-0.19114	-0.18289	0.14089	0.062398	0.38999
-0.018102	0.4615	-0.69592	-0.13432	-0.44952	0.66576	0.42662	-0.06356	0.32681	0.5935	-0.23486	-0.34096	0.1475	-0.021466	0.056659	0.75279	-0.48175	-0.38119	-0.39244	0.2753	-0.054658	-0.22882	-0.41405	-0.0040486	0.67132	-0.37348	0.070194	0.13544	0.22149	-0.073218	-0.12325	0.15336	0.58281	-0.1043	-0.21043	0.54592	0.055591	-0.066853	0.0054425	-0.17075	-0.93308	-0.35155	-0.1747	-0.33633	-0.59023	0.053364	0.042454	-0.18363	0.011032	0.68019	0.68606	0.29988	-0.60271	0.085635	-0.91952	-0.60065	-0.27354	0.30162	0.19146	0.078337	0.83579	0.39686	0.031389	1.1535	0.64735	-0.43318	-0.68082	0.00089507	-0.41387	-0.066452	-0.086379	0.5856	0.082122	0.21031	-0.57608	0.40798	0.24501	-0.17877	-0.01034	-0.712	0.18392	-0.30494	-0.68505	0.39384	0.3565	-0.40857	0.024964	0.2292	0.11523	0.12324	0.16535	-0.017471	0.58278	0.046016	-0.38345	0.21744	0.028135	0.1632	-0.84538	0.35246
0.058146	-0.64937	-0.22069	0.045097	-0.39192	0.67719	-0.56859	-0.59818	0.064296	0.1325	0.56049	0.091142	-0.22269	-0.31999	-0.41129	0.2086	0.38796	-0.10448	-0.17264	0.42385	-0.94788	0.17088	0.047659	-0.31708	0.33752	-0.28049	-0.22886	0.20997	0.17598	-0.2822	0.10557	0.44886	0.16929	-0.40335	-0.35786	-0.08866	0.17884	-1.0242	0.33058	-0.13522	0.43108	0.035075	-0.20414	-0.22038	-0.40035	0.15793	-0.36703	0.29268	-0.29988	-0.29119	0.99986	0.17145	-0.50814	0.26223	-0.70819	0.24384	0.38594	0.13311	0.48028	-0.33786	0.41231	0.53234	0.54072	0.0093786	0.77815	0.30532	-0.040178	0.35144	0.34688	0.028234	-0.0223	0.57056	-0.15826	-0.42005	0.18837	0.21893	0.8753	-0.75701	0.52394	-1.1511	-0.071368	-0.12002	-0.028907	0.97698	-0.58222	-0.2102	0.38745	-0.14692	-0.36318	-0.78862	1.3092	0.72305	-0.064959	-0.80018	-0.76815	-0.27106	0.051543	-0.22897	0.11715	0.43606
-0.64497	0.7343	-0.58943	0.56072	0.29562	-0.41899	-0.32164	-0.69269	0.26033	0.10289	-0.78611	-0.64602	-0.36398	0.18776	-0.002933	0.50782	0.66307	0.057117	0.11971	0.31527	-0.62735	-0.088984	0.037605	-0.12974	0.18296	-0.14344	-0.17201	0.80337	-0.86441	0.090726	-0.0044982	-0.52366	-0.089837	-0.22907	-0.34971	-0.65679	0.18623	0.19442	-0.28612	0.45027	0.073177	0.39273	-0.00038321	0.2701	-0.085714	0.53902	-0.019991	-0.095093	0.42124	0.62501	0.9948	0.23259	-0.013265	0.53399	-0.27389	0.86517	-0.087207	0.072425	0.05249	0.44957	1.0191	-0.086929	0.58082	-0.15692	-0.20517	-0.15309	0.0092929	-0.17011	-0.00074683	0.31772	0.098128	0.46988	0.33509	0.41332	0.37789	0.29368	-0.045742	0.34135	0.43223	-0.58994	-0.32753	0.20604	0.14514	-0.46439	-0.33904	-0.53933	-0.50358	-0.051544	-0.26665	-0.10341	-0.33239	-0.44054	0.63823	-0.92732	0.20325	-0.40844	-0.038015	-0.19616	-0.23542	-0.44266
-0.12497	0.15613	0.25579	0.22411	-0.42209	-0.1339	0.12623	-0.51288	-0.022616	0.16548	0.21925	-0.64411	0.43016	-0.18632	-0.22345	0.094682	-0.054677	-0.118	-0.11636	0.30881	-0.50927	0.30319	0.18812	-0.69572	-0.40506	0.5227	-0.0074011	-0.30357	0.18702	-0.15288	-0.21809	0.41254	-0.32586	-0.67579	-0.45548	-0.2576	0.25873	-0.81416	0.3588	-0.21461	0.31071	0.39489	-0.54294	0.017284	-0.12851	0.014114	0.12919	-0.47094	-0.15887	0.10798	0.59868	0.6741	-0.94211	0.13684	-0.57057	-0.20158	0.55685	0.021444	-0.016656	0.36169	0.95452	-0.18905	0.13576	-0.18615	0.94561	0.045295	-1.0898	0.37638	-0.18311	-0.31382	0.49916	0.97776	0.21676	-0.53785	-0.29864	0.060217	0.74145	0.10678	0.70723	-0.26429	-0.32667	-0.3319	0.30577	0.21301	-0.27449	-0.035597	0.5824	0.32844	0.51806	-0.31351	0.84371	0.041894	0.34339	-0.82257	-0.53586	-0.33499	0.32036	0.0078933	-0.17698	0.13165
0.096208	0.43735	0.0084607	-0.33079	0.26935	1.1872	0.3751	-0.73926	0.28634	0.44135	-0.68086	-0.28623	-0.087947	-0.58337	-0.45323	0.54429	0.1377	-0.88219	0.55419	-0.19063	-0.21827	0.27349	-0.23924	-0.74764	0.31507	-0.79829	-0.24361	0.30638	0.42718	-0.69806	-0.24882	-0.1806	0.9136	-0.47434	-0.099309	-0.080462	0.92554	-0.26533	0.064985	0.43123	-0.092469	-0.37229	-0.1063	0.16898	-0.76137	-0.29829	-0.23743	0.019526	-0.23595	0.31323	-0.21111	0.42068	-0.85555	0.020072	-0.69917	-0.41854	0.0099778	-0.10676	-0.19829	0.25893	0.64304	0.15944	-0.07791	1.0791	1.2128	0.038649	-0.38107	-0.026829	0.018433	-0.17012	0.3052	0.57171	-0.80688	0.53807	0.053514	0.46115	-0.38205	0.19753	-0.33911	-0.93747	-0.67969	-0.14308	-0.43844	0.038629	0.68436	-0.10963	-0.32251	-0.38	-0.27767	-0.21273	-0.044975	-0.29563	0.6078	-0.1605	-0.35099	0.10536	0.061774	0.27029	-0.2054	0.29956
-0.052639	-0.62646	-0.26874	0.30461	-0.38428	0.03843	0.24229	-0.031476	-0.21969	0.44283	-0.15005	-0.62938	-0.55523	-0.13463	-0.37485	0.34467	0.097584	0.32589	-0.22965	-0.27271	-0.13041	0.037828	-0.13004	-0.26541	-0.29627	0.36413	-0.087344	-0.5205	0.27569	0.31626	-0.30872	-0.01297	0.57571	-0.35348	0.0022381	0.49206	-0.13613	-0.49332	-0.29276	-0.21683	-0.44408	0.16122	-0.67641	-0.51476	-0.5775	0.012778	0.43619	-0.34343	0.14563	0.18504	0.88138	0.44036	-0.64724	0.13552	-0.4416	0.16594	-0.066833	0.21708	0.27452	0.59953	0.064399	0.43728	-0.12449	0.80388	0.93168	0.13849	-1.0208	0.90217	0.10579	-1.0682	0.080409	0.75441	0.65713	0.35348	0.0092058	0.10961	0.17118	-0.20997	0.11243	-0.82946	-0.24375	-0.42401	0.053119	-0.11404	-0.20438	-0.59989	0.15957	-0.27341	0.82192	-0.24587	0.74205	0.046625	0.60817	-0.90132	-0.84711	0.03684	0.2726	-0.045994	-0.21209	0.61239
-0.080512	0.76667	-0.71024	0.5821	-0.36807	0.86482	0.47066	-0.20722	0.90564	-0.023922	-0.18907	-0.0909	-0.37486	-0.092748	-0.8032	0.29963	0.5347	-0.30566	-0.27462	-0.38954	-0.98025	-0.11952	0.51433	-0.065849	-0.44952	0.066488	0.2961	0.036755	0.75039	0.18761	-0.022899	-0.12579	0.84308	-0.32873	-0.17827	0.15708	0.48411	-0.94517	0.45152	-0.33666	-0.34819	-0.30424	-0.22122	-0.18322	0.35522	-0.14615	-0.028222	0.16486	0.020456	0.24479	-0.30641	0.55885	-0.63113	0.88149	-0.018601	0.28192	0.51897	0.28965	0.10035	0.38628	-0.30543	0.27445	-0.04126	0.25361	1.0436	-0.20175	-0.70786	0.43484	0.61028	-0.52061	0.1213	0.37241	-0.64858	0.13545	-0.097524	0.35696	0.24008	-0.19299	0.16193	-0.99642	0.013624	-0.25759	0.78215	0.029268	0.29484	-0.91447	0.57597	-0.6162	0.20779	0.0045181	0.56525	0.53677	-0.39965	-0.29701	-0.24482	0.03642	-0.11861	-0.24799	0.6953	0.20016
0.13891	-0.69909	0.2555	-0.15877	-0.79699	-0.65775	0.27784	-0.86252	-0.43347	-0.37039	-0.0089353	-0.59612	0.16212	-0.26906	-0.18152	0.34471	-0.5683	0.56878	0.078405	-0.15829	-0.18482	0.12911	0.44511	0.016435	-0.61403	0.44248	0.41891	0.31352	-0.21411	-0.13407	-0.016046	0.17473	-0.61075	-0.38905	-0.48218	0.021509	0.19674	-1.2266	-0.3364	-0.234	0.0026138	0.20446	-0.4323	-0.35931	-0.24097	0.056751	-0.0080105	-0.16782	0.056271	0.43781	0.65349	0.34888	-0.95597	-0.081161	-0.30249	0.071275	0.35943	0.0089883	-0.092653	0.14065	0.55396	0.27156	-0.065287	0.59299	0.99128	0.39625	-0.63503	0.64523	-0.54053	-0.81504	0.31589	1.1878	0.26477	-0.3112	-0.047737	-0.52623	0.6492	-0.11453	0.56326	-0.79376	-0.19568	-0.39302	0.090977	-0.12297	-0.24615	-0.46706	0.42249	-0.079396	0.64026	-0.52543	0.73198	0.39093	0.033873	-0.8269	-0.7642	-0.26608	0.24526	-0.18343	-0.03108	0.10175
-0.74635	-0.14335	-0.35372	0.43705	-0.5006	0.016823	-0.20058	-0.44598	-0.55174	0.14796	0.1987	-0.3804	-0.26276	-0.50547	-0.67607	-0.25843	-0.14991	-0.35562	-0.7563	0.40249	-0.19527	-0.3759	0.43009	-0.067333	-0.027591	0.28559	0.37608	-0.19162	-0.42573	-0.13196	-0.36602	0.56196	0.35063	-0.80931	0.49284	-0.28605	0.22295	-0.45057	0.29002	-0.46635	-0.037916	-0.01537	-0.81039	-0.037962	-0.14943	0.067527	-0.044313	0.089504	-0.38866	0.13606	0.5882	0.71175	-0.87097	0.27255	-0.82578	0.1106	0.99858	-0.31199	0.13361	0.75325	0.29125	0.23483	0.08585	0.23507	1.0069	-0.0009894	-0.32477	0.31889	0.24731	-0.39974	0.71105	0.92663	0.51364	-0.04219	0.13331	-0.18509	-0.045361	0.40686	0.7475	-0.24501	0.53498	-0.017309	0.41484	-0.080055	-0.5007	-0.19296	0.42632	-0.42198	0.11126	-0.18031	0.44744	0.56296	0.0097462	-0.63211	0.25903	-0.57897	-0.014372	0.031589	-0.23533	0.57162
-0.55931	0.024741	-0.53621	-0.00053512	-0.053086	0.031596	0.5721	-0.060476	-0.31994	0.97971	-0.20448	-0.69233	-0.18791	-0.30684	-0.13594	0.52063	-0.052297	0.20145	-0.13262	-0.44586	0.39867	0.9344	-0.73752	-0.68327	0.25514	-0.10805	-0.36738	0.06659	-0.21671	0.11194	-0.09713	-0.30023	0.29777	-0.15387	0.018409	0.33347	-0.041907	0.46175	-0.71923	-0.2119	-0.36787	0.27552	-0.21075	-0.13511	-0.22993	-0.059634	0.05902	-0.14793	-0.46095	0.29571	0.78618	0.39363	-1.3672	0.37615	-0.87258	-0.41474	-0.62037	0.56625	0.20245	0.50804	0.80546	0.68085	-0.07677	0.87917	0.88853	-0.13062	-0.46437	0.37238	-0.29863	-0.71507	0.45475	0.56523	0.54146	0.34093	-0.31381	0.30462	-0.011458	0.32597	-0.14874	-1.026	0.34528	0.052335	-0.10844	-0.22053	-0.48574	-0.042058	0.28394	0.0079073	0.5948	-0.34572	0.38217	0.095001	0.73756	-0.47075	-0.50722	0.070421	-0.16093	0.19825	-0.47557	-0.14981
-0.044311	0.78962	-0.14697	0.62776	-0.057347	0.064026	-0.60248	-0.70395	0.25951	-0.18018	-1.035	-0.14199	0.19416	0.054313	0.46083	-0.14145	0.53494	-0.049942	0.60505	0.44758	-0.68845	0.77364	-0.43762	-0.29437	0.32986	-0.30943	-0.78925	0.7549	-0.0061267	0.16124	-0.055382	-0.56638	0.36174	-0.0017289	-0.24717	-0.3453	0.076243	-0.72058	-0.030885	0.0071678	0.0065705	0.64151	0.18816	-0.36514	-0.41362	0.066706	-0.71223	0.15852	0.079347	0.30426	0.61121	0.12464	0.1809	0.3638	-0.58317	0.7401	-0.20327	-0.62013	-0.1618	0.46878	0.56552	0.040896	0.16495	0.067894	0.31665	0.38049	0.056359	-0.086906	0.10544	0.07218	0.52169	0.67929	0.30509	0.25687	0.067195	0.14088	0.68851	0.36188	0.089676	-0.6072	-0.20238	0.31258	0.12179	-0.14985	0.36334	-0.26547	-0.57867	0.10208	-0.016366	-0.050089	-0.12592	-0.047916	0.23057	-1.3163	0.31413	-0.28427	0.10381	0.24981	0.29946	-1.286
-0.26153	0.47275	-0.4643	0.076232	0.066228	0.70417	0.4078	-0.37214	0.61781	0.70224	0.11049	-0.36964	0.0047223	-0.11799	0.054773	1.0421	-0.13168	0.044126	-0.29515	0.25895	-0.041055	-0.18163	-0.30431	-0.21405	0.50826	-0.37339	-0.056862	-0.19683	0.23913	-0.38166	-0.069823	-0.097271	0.83477	0.075567	-0.24353	0.46506	0.15757	-0.14888	0.028112	-0.012176	-0.79122	-0.43373	-0.25127	-0.60715	-0.49316	-0.1841	0.028172	-0.32684	0.32808	0.39227	0.95649	0.047389	-0.41004	0.053901	-0.56771	-0.18035	0.21133	-0.22448	0.013296	0.33968	1.0424	0.58002	-0.15466	0.71203	0.40584	-0.21844	-0.70847	0.11957	-0.54642	-0.529	0.3088	0.75344	0.26553	0.25194	-0.36702	-0.15548	0.2443	-0.48579	0.13032	-0.60384	-0.38552	-0.24624	-0.37172	0.55883	0.082295	-0.31052	-0.2346	-0.049204	-0.15404	-0.22517	0.20782	-0.023484	0.50297	-0.18115	-0.6298	-0.013588	0.54353	0.38961	-0.73211	-0.097824
-0.67253	0.12045	-0.28495	-0.0020102	-0.24411	0.44573	0.46077	-0.62061	0.4237	0.55415	-0.052448	-0.17268	-0.028436	0.25271	-0.32438	1.0005	-0.39528	-0.29493	0.13076	0.067065	-0.47227	0.60143	-0.31797	-0.63085	0.64608	-0.2747	-0.030193	-0.57118	0.27548	-0.70543	0.21647	-0.11936	0.61008	0.0014724	-0.44148	0.63824	0.49306	-0.57512	0.053386	-0.086243	-0.45279	-0.078595	-0.25731	-0.048173	-0.65032	0.23128	-0.22188	0.78925	-0.13377	-0.00041401	0.097079	0.062218	-0.59527	-0.063954	-0.72942	-0.24854	0.35168	0.24495	0.067308	0.6129	0.51928	0.73989	1.052	-0.019198	1.0495	-0.1307	-0.43246	0.067861	-0.19392	-0.59988	-0.082633	-0.17864	-0.12947	-0.10454	-0.44981	-0.09739	0.44743	-0.26881	0.51926	-0.47704	-0.47584	0.2997	-0.45022	0.33691	-0.60429	-0.49737	-0.41071	-0.3355	0.26617	-0.16747	0.34386	-0.67303	0.014123	-0.095837	0.01522	-0.74184	-0.17174	0.35729	0.25384	-0.12002
-0.89381	0.07368	-0.56181	0.43393	0.10983	0.5715	0.39519	-0.8597	0.73186	0.37692	-0.036553	-0.43458	-0.34477	0.18834	-0.51663	1.1354	0.024016	-0.17228	0.43845	0.015704	-0.61804	-0.18252	-0.49962	-0.34512	0.50539	-0.32317	-0.45948	-0.26375	0.25242	-0.11876	0.13303	0.04395	0.35939	0.38062	-0.55233	0.33156	0.09271	-0.57504	0.14182	0.20006	-0.49542	-0.096313	-0.23067	-0.25722	-0.4244	0.19814	-0.37244	0.17979	-0.057107	0.23994	-0.59321	0.60444	-0.43736	-0.14122	-0.49973	-0.40695	0.00087223	0.46868	0.19229	0.8057	0.69078	0.96828	0.72837	0.56444	0.9233	-0.42432	-0.098878	-0.28154	0.030906	-0.60448	-0.15741	0.30605	-0.10464	0.24743	-0.0444	0.24573	0.44264	-0.01571	-0.16323	0.22796	-0.099819	0.13349	-0.73537	0.27114	-0.37073	-0.16205	-0.59783	-0.088112	-0.081923	-0.30855	0.53181	-0.23024	0.14015	-0.37299	-0.019745	-0.66744	0.34234	0.14972	-0.074567	0.15013
-0.65277	-0.40282	0.18352	-0.1209	-0.39306	0.37846	-0.049395	-0.6514	-0.51925	0.10763	-0.045784	-0.45515	0.1239	-0.23976	-0.5887	0.19472	0.067118	0.093431	-0.0091824	0.030748	-0.51498	0.11214	0.055642	-0.55701	-0.29024	0.13456	0.13319	-0.50736	0.060815	-0.057803	-0.19318	0.53736	0.15552	-0.30239	0.0092288	-0.038854	-0.14916	-0.93486	-0.27389	-0.03349	-0.53869	-0.13412	-0.77054	-0.20388	-0.63609	-0.005141	0.067282	0.19944	0.32999	-0.14747	0.53018	0.18612	-1.2389	0.14395	-0.53664	-0.039931	0.5896	0.10001	0.50759	0.49558	0.91207	0.41374	0.23949	0.30037	0.64503	0.20819	-0.37147	0.46848	-0.11918	-0.1874	0.61966	0.71876	-0.044997	-0.42925	-0.22003	0.12863	0.61035	0.34151	0.73004	-1.3485	-0.2439	-0.18026	0.021439	-0.030468	-0.35267	-0.23891	0.031097	-0.12822	0.11966	-0.55504	0.67786	0.3951	0.14794	-0.43903	-0.4352	-0.088034	0.24922	0.17611	0.049448	0.36202
-0.20233	-0.37816	-0.048153	-0.38727	-0.67538	-0.3243	-0.15762	-0.86812	-0.33865	-0.13643	0.41094	-0.3218	-0.081396	-0.16154	-0.27773	0.4903	0.071402	0.27899	0.21382	0.30237	-0.31888	-0.63922	0.46524	-0.56246	-0.27731	0.059349	0.12021	-0.42272	-0.43739	0.42755	-0.55411	0.4599	-0.51155	-0.72848	-0.19767	-0.1947	-0.028323	-1.4382	0.17026	-0.17909	-0.21056	-0.45526	-0.22191	0.2938	0.083823	0.13186	0.18872	-0.44946	0.34912	0.20542	0.5579	0.60303	-1.501	0.39945	-0.21382	0.23585	0.58209	0.016942	0.098424	0.098881	0.66693	0.25148	-0.16686	0.57481	0.6408	0.12054	-0.81351	0.59956	-0.090838	-0.46713	0.19468	0.75854	0.11376	-0.16014	0.41523	0.076928	0.33013	0.17631	0.55441	-0.66829	-0.11832	-0.33403	0.25121	0.48908	-0.47078	-0.3164	0.95289	-0.51473	0.30681	-0.86362	0.94295	0.74372	0.39948	-0.53459	-0.6032	-0.0028096	0.10516	-0.058626	-0.17184	0.27754
-0.74016	-0.32904	-0.35766	0.53818	0.57041	0.2161	0.31454	-0.78761	0.20912	-0.17827	-0.77673	-0.49054	0.71899	0.14463	-0.33388	0.12626	0.53327	0.18246	0.091316	-0.4906	-0.22082	0.48354	0.4599	-0.36602	0.24773	-0.10312	-0.47584	0.49569	-0.31004	-0.61967	-0.29967	-0.21406	-0.093513	-0.51134	-0.22887	-0.7255	-0.26487	-0.18696	-0.22247	0.16156	0.073518	0.62048	-0.52806	0.090125	0.5417	0.49404	0.084662	-0.23062	-0.44226	0.11527	0.72653	0.52181	-0.45319	0.57593	-0.26103	0.090485	0.37068	0.06371	-0.41548	-0.13975	0.057915	-0.50082	0.08773	0.54039	-0.011385	0.40491	-0.15613	-0.54081	-0.055546	0.17743	0.37405	1.2443	0.71141	0.30189	0.51783	0.0025408	0.67928	-0.2464	0.085956	0.029617	-0.009733	0.061396	0.25187	0.28342	-0.76047	-0.16536	-0.023319	-0.009571	-0.071644	0.05949	-0.046831	-0.48642	0.10903	-0.59414	0.029428	-0.54906	-0.18491	0.12514	-0.27852	-0.010368
0.013059	-0.34953	-0.56545	-0.25221	-0.40416	0.16663	0.60778	-0.020427	0.13052	0.77664	-0.14987	-0.88115	-0.39122	-0.14885	-0.20583	0.35637	0.0025962	0.23095	0.0050655	-0.33546	-0.14265	0.96277	-0.40395	-0.28069	0.50108	0.47617	0.32035	0.18957	-0.40014	-0.079608	-0.27163	0.67685	0.13897	-0.30017	-0.15605	0.15879	0.33962	0.093853	0.32834	-0.46539	-0.61157	-0.25425	-0.177	-0.33826	-0.065309	-0.10724	0.64221	0.23631	-0.010493	-0.011886	0.83817	0.41985	-0.89434	0.21652	-0.28181	-0.52372	-0.073223	0.33499	-0.10839	0.39441	0.80872	0.30148	-0.24908	1.0563	0.75772	0.10595	-0.40758	0.23868	-0.24188	-0.068692	0.81916	1.1531	0.46529	0.64012	0.003687	0.035154	0.069289	0.023167	0.34159	-0.69089	-0.17288	-0.48613	-0.033241	-0.06272	-0.61103	-0.095808	0.50957	-0.10667	0.19605	-0.16828	0.42763	0.29948	0.58829	-0.45919	-0.59002	-0.035962	0.36206	0.5222	0.21635	-0.3774
-0.40261	0.7137	-0.16412	-0.37019	-0.33139	0.63906	0.23882	-0.20779	0.76718	0.50101	0.18147	-0.64007	-0.044322	-0.054146	-0.22148	0.74958	-0.22681	-0.068046	-0.14691	-0.25478	0.26338	0.54882	-0.017764	-0.32279	0.41103	-0.33961	-0.20403	0.0029235	0.37456	-0.19541	-0.27595	-0.14154	0.56639	0.17391	-0.13199	0.66439	0.43707	0.012568	-0.099699	-0.17493	-0.38389	-0.38485	-0.15542	-0.48483	-0.51635	-0.52132	0.036648	-0.15095	-0.033247	0.23336	0.26141	0.27857	-0.72557	0.065664	-1.0362	-0.31568	0.074527	-0.32819	-0.073233	0.3684	0.14909	0.51226	0.5691	1.4134	0.95618	0.10756	-0.048584	0.47902	-0.17219	-0.69535	-0.10994	0.54806	-0.074626	0.46244	-0.33271	-0.19624	0.086369	-0.54632	0.24236	-0.4946	0.11172	-0.39915	-0.11469	0.23671	-0.36614	-0.17669	-0.048685	-0.31659	-0.22242	0.12269	0.27564	-0.034851	0.030552	-0.21739	0.14216	-0.61304	0.26661	0.32839	0.065692	0.2562
-0.49437	-0.43356	-0.34504	0.19242	-0.03225	0.47154	0.42972	-0.069294	0.1977	0.79323	0.21761	-0.88046	0.022704	-0.18688	-0.40327	0.44538	-0.45612	0.10432	0.062411	-0.025812	0.23152	0.55462	-0.02729	0.2044	0.78413	-0.0055676	0.018163	0.26834	-0.44768	-0.26269	-0.26961	-0.050307	0.038059	-0.32474	-0.27612	0.19102	0.18853	0.26335	0.14437	0.08525	-0.30085	0.21913	-0.086367	-0.18909	-0.63956	0.080339	0.35753	-0.18891	-0.016119	0.32522	-0.053474	0.70845	-0.64813	0.61705	-0.20389	-0.37721	0.18528	-0.59331	-0.50669	0.50161	0.84251	0.089005	-0.33914	0.66829	1.1298	0.20284	-0.30815	-0.6693	-1.33	-0.96703	0.085006	1.4342	0.35718	0.42792	0.25199	0.067817	0.86673	0.040564	0.33208	-0.15433	0.097103	-0.26217	-0.37122	0.52867	-0.4501	-0.07104	0.19211	-0.033002	0.28428	-0.26679	0.0049436	0.12126	0.12775	0.069022	0.11241	-0.062689	0.37743	0.49342	-0.11735	-0.32257
-0.62932	0.026395	-0.20241	-0.16257	-0.059351	-0.0037742	0.5519	0.076542	-0.3162	0.33005	-0.26814	-0.7314	-0.028297	0.14474	-0.19399	0.4185	-0.43134	-0.077865	0.077917	0.23997	-0.42559	0.23717	0.11415	-0.58078	0.53357	0.26584	0.10629	-0.13019	-0.027182	0.098355	0.051104	0.33016	0.10537	-0.11854	-0.041938	0.30872	0.052426	-0.15638	0.27342	-0.21242	-0.17076	-0.18676	-0.51462	-0.084424	-0.18888	0.47776	0.51419	-0.52385	0.17703	0.022855	0.19142	0.21066	-0.41842	0.50187	-0.28907	-0.46769	0.75353	0.1672	0.36619	0.57366	0.45145	0.24046	-0.35892	0.91061	0.70365	-0.26379	-0.48664	0.39036	-0.015072	-0.53383	0.16446	0.96136	-0.071262	0.69664	0.27145	0.050276	0.29817	-0.12225	0.3289	-0.4367	0.19061	-0.32643	-0.10262	0.47339	-0.52438	-0.48777	0.15079	0.28666	0.25136	-0.21223	0.32753	-0.042138	0.39257	0.31921	-0.026787	-0.21267	0.36424	0.15773	-0.29145	0.01919
-0.0069629	-0.10905	-0.38748	-0.13921	-0.49625	0.92862	0.38915	-0.27508	-0.17893	0.42831	0.30571	-0.65763	-0.23952	0.068236	-0.12516	0.7217	-0.11272	-0.15607	-0.063709	-0.059663	-0.1427	0.39849	-0.082332	-0.92088	0.32569	-0.4421	0.18691	0.022347	-0.217	-0.39801	-0.21754	-0.075744	0.86323	-0.05145	-0.36922	0.37715	0.14523	-0.24312	0.0027799	-0.26257	-0.65911	0.00042234	-0.21794	0.15695	-0.66292	0.067014	0.2914	0.20438	0.42876	0.08289	0.61404	0.71706	-0.8074	0.01876	-0.90249	-0.61272	-0.33293	0.024675	0.032104	0.46491	0.93409	0.61104	0.20124	0.70222	1.0598	0.15393	-0.6891	0.26583	-0.38742	-0.46646	0.086302	0.50485	-0.1409	0.34687	0.029292	0.50771	0.18941	-0.12925	-0.034798	-0.9292	-0.19257	-0.31516	-0.44257	0.37837	-0.32629	-0.15178	0.24568	0.027283	-0.010384	-0.40617	0.51815	0.49857	0.72464	0.13807	-0.54635	-0.076743	-0.056822	0.31298	-0.12312	0.049522
-0.23675	-0.30651	-0.40066	-0.0018046	-0.052099	-0.16009	0.65858	-0.56274	-0.17092	0.41534	0.018806	-0.38812	-0.35324	-0.34531	0.22409	0.50827	0.62273	0.041623	0.041336	-0.0096425	-0.011402	0.63906	-0.081514	-0.38094	0.099634	0.34344	0.14866	0.0081447	-0.086073	-0.11303	0.060374	0.55323	0.45228	-0.53426	0.10086	-0.05557	0.31843	-0.2083	-0.35584	-0.72187	-0.68632	0.45729	-0.51964	-0.44001	0.24112	0.049344	0.29708	-0.39238	-0.24966	0.1498	1.3342	0.2792	-0.4406	0.91182	-1.1046	-0.492	0.36309	0.10833	-0.095742	0.50298	0.35297	0.31681	0.075669	0.71149	0.42924	-0.11389	-0.31797	0.65174	-0.079706	-0.54329	0.55056	0.6636	0.3083	0.27955	-0.51868	0.18476	-0.11639	0.15032	0.33412	-0.83384	0.095348	0.14373	0.28267	-0.0019919	-0.6762	-0.37948	0.46392	-0.4689	0.264	-0.077417	0.71016	0.35001	0.47962	-0.26199	-0.21182	0.010733	0.50534	0.078527	-0.49985	0.066066
0.086385	0.27875	-0.66817	-0.51434	-0.36182	0.41302	0.13362	-0.17555	0.42502	0.82082	0.055885	-0.50452	0.12589	0.19176	-0.54117	0.38423	-0.30141	-0.2883	0.061617	0.17001	-0.14298	0.38841	-0.54465	-0.48302	0.23207	-0.041558	0.024935	0.14047	0.058675	-0.25921	0.099687	0.35757	0.27128	-0.17355	-0.43349	0.65924	0.040538	-0.2027	-0.17872	-0.51729	-0.55212	-0.0072072	-0.31683	-0.17774	-0.76944	-0.11504	0.36694	-0.35246	0.15306	0.22516	0.36568	0.23379	-0.23298	-0.2701	-0.94964	-0.42949	0.70961	0.23235	-0.021164	0.12043	0.40223	0.038693	0.45413	1.1514	1.271	-0.20521	-0.45315	-0.36838	-0.55965	-0.48898	0.44884	-0.0010491	0.38669	0.49056	-0.4959	-0.11047	0.32879	-0.12135	0.30421	-0.58217	0.0070784	-0.36495	-0.42867	0.37649	-0.58893	-0.3402	-0.1228	-0.22646	0.19695	-0.43535	0.42022	-0.10144	0.56277	0.49499	-0.18311	-0.045565	0.12112	0.53849	-0.90371	-0.060674
-0.36855	-0.24479	-0.51149	-0.11659	-0.52712	0.16889	0.71351	-0.33124	-0.1358	1.0111	0.17615	-0.77128	-0.27531	0.30425	-0.09321	0.13642	-0.17499	-0.14799	-0.32408	-0.39247	0.091376	1.0045	0.017851	-0.40339	0.53799	-0.014528	0.0055246	0.41169	0.07246	-0.13148	-0.25861	-0.50079	0.36993	0.38636	-0.034567	0.091901	0.52185	-0.29353	-0.082123	0.34295	-0.60915	0.24836	-0.10918	-0.39328	-0.42802	-0.013032	0.25508	0.48757	-0.04509	-0.17388	0.12005	0.37997	-1.0089	0.09888	-0.12894	-0.16252	-0.35013	-0.17309	0.032175	0.036533	0.72727	0.6778	-0.17695	0.99058	1.1106	0.27812	0.047447	0.026909	-0.22449	-0.62456	0.68397	0.74305	0.30147	0.1802	0.15738	-0.084876	0.27556	-0.37157	0.3949	-1.0727	0.096647	-0.061884	-0.16357	0.35819	-0.66835	-0.00010265	0.10546	-0.11178	0.10383	-0.92686	0.42192	-0.0079759	0.60423	0.080369	-0.3017	-0.14544	0.17398	-0.08939	0.13558	0.27154
-0.58214	-0.18886	0.29295	0.12449	-0.49612	0.080822	0.28792	-0.47755	-0.38123	0.22435	-0.3842	-0.70089	-0.40205	-0.24691	-0.19533	-0.093896	0.116	-0.0019069	-0.18144	0.089012	-0.39682	0.20101	0.14003	-0.12103	-0.27188	0.68435	0.22352	-0.32792	-0.038312	0.20993	-0.0015163	0.55645	-0.33298	-0.57114	-0.18211	-0.33821	0.025358	-0.57807	-0.105	-0.39906	-0.25977	-0.22189	-0.079295	-0.20613	-0.054966	0.44935	-0.040542	-0.37437	-0.0042971	0.069774	0.76675	0.20805	-0.83629	-0.063056	-0.32441	-0.21546	0.78143	-0.011362	0.21137	0.66662	0.71284	0.50706	0.047082	0.42196	0.5286	0.073447	-0.72686	0.46969	0.0073062	-0.40527	0.26569	1.182	0.52412	0.089917	-0.10812	0.073914	0.30923	0.29152	0.48349	-0.69183	0.17816	-0.33458	0.37196	-0.19778	-0.46009	-0.56951	0.11817	-0.099637	0.51052	-0.4542	0.29067	-0.062304	0.48755	-0.48257	-0.34794	-0.72295	0.30396	0.14049	-0.14156	0.14847
-0.61716	0.48609	-0.44264	-0.047115	0.17623	0.32753	0.26098	-0.27168	0.47403	0.21733	-0.0020849	-0.49794	-0.016282	0.078959	-0.15239	0.93746	-0.187	0.016909	0.098239	-0.26214	0.080277	0.048278	-0.24271	-0.38428	0.78649	-0.39762	0.06172	-0.22579	0.25068	-0.313	-0.21114	-0.009019	0.30597	-0.00060276	-0.10832	-0.049946	0.11357	0.0076852	-0.27571	-0.12349	-0.35161	0.0018457	-0.021726	-0.0574	-0.95847	0.087438	0.12929	-0.25195	0.3178	0.067291	0.18077	0.16663	-0.79706	0.29084	-0.15726	-0.56746	-0.41402	-0.25368	-0.42853	0.49753	0.95854	0.46938	-0.078766	0.41554	0.64535	-0.025611	-0.29072	-0.010191	-0.37734	-0.75735	-0.12874	0.95631	-0.34666	0.43254	-0.0032859	0.19358	0.29701	-0.17902	0.14414	-0.47389	-0.21324	-0.067813	-0.55133	0.46866	-0.0051339	0.055686	0.10339	0.21348	0.12423	-0.39522	0.037908	0.43722	0.30959	-0.183	-0.21455	-0.51215	0.31015	0.36629	-0.23266	-0.053976
-0.17171	-0.57944	-0.10513	0.13892	-0.61126	0.385	-0.036462	-0.66942	0.12112	0.12529	-0.37522	0.079163	0.032106	-0.006658	-0.43877	-0.17349	-0.25277	-0.19438	-0.23224	-0.39732	-0.41048	-0.11833	-0.14641	-0.73704	-0.004843	0.12075	0.024263	-0.1717	-0.087986	-0.1201	-0.38639	0.056831	0.062736	-0.40438	-0.078215	0.10986	-0.13986	-0.86933	0.53886	0.5441	-0.29521	-0.71767	-0.5773	-0.2903	-0.25027	0.11641	-0.12615	-0.12125	0.25436	0.50381	0.37751	0.42653	-0.62313	0.52234	-0.22579	-0.44296	0.35321	-0.22958	0.012218	0.23652	0.17993	0.74741	0.057307	0.87187	0.57315	0.14436	-0.74789	0.54601	0.2212	-0.69264	0.027724	0.69281	0.0851	0.096846	0.094011	0.0089972	0.36357	-0.31311	0.44729	-0.77669	-0.05429	0.15086	0.13016	0.49568	-0.23783	-0.044874	0.55521	-0.17191	0.012465	-0.40964	0.44926	0.19509	0.3844	-0.41055	-0.43331	0.15933	0.0042462	0.19856	-0.49943	0.41967
-0.43499	0.20994	-0.87275	0.50909	0.67909	-0.082901	0.17883	-0.15138	0.094095	-0.31466	-0.53657	-0.90712	0.375	0.33143	-0.12878	0.097281	0.54917	0.19061	0.32964	0.08981	-0.35713	0.62988	0.83995	-0.27649	0.19259	-0.50367	-0.13244	0.32898	0.020598	-0.28124	-0.4897	-0.01251	0.5077	-0.0587	-0.22383	-0.73796	-0.066709	-0.74104	0.14182	-0.014625	0.29727	0.52326	0.052481	0.047821	0.022395	0.69902	-0.22277	-0.043335	-0.11051	0.40254	0.3508	0.019159	-0.12865	-0.092066	-0.68612	-0.15858	0.27555	-0.017593	-0.493	0.33506	-0.091157	-0.48692	0.63986	-0.085878	0.51807	0.48459	-0.01151	-0.36402	-0.019635	0.092393	0.43598	0.62511	0.54286	0.38314	0.62458	0.46168	0.32533	0.24485	0.050496	-0.21655	-0.077954	-0.019941	0.4163	0.20312	-0.50268	-0.23624	0.03759	0.17745	0.22582	-0.19941	-0.24475	0.070455	0.36196	-0.31993	0.069807	-0.69166	0.15353	-0.19213	0.033181	-0.10281
-0.045306	0.19888	-0.4044	-0.16182	-0.43623	0.72128	0.036238	-0.37052	0.1503	0.85174	-0.19747	-0.4921	0.025995	0.14294	-0.5051	0.3782	-0.2822	-0.36246	0.047293	0.34633	-0.011135	0.28796	-0.18828	-0.45461	0.38362	-0.26114	0.021548	0.23784	0.32266	-0.2383	0.12552	-0.027171	0.73637	0.2663	-0.015915	0.46228	0.23949	0.11046	-0.0053728	-0.38377	-0.73142	-0.042778	-0.024175	-0.17044	-0.62141	-0.052994	0.283	0.17678	-0.026351	0.0079977	0.51547	0.52421	-0.4575	0.15679	-0.50132	-0.24359	0.13713	0.030611	0.14632	0.36054	1.0173	0.58351	0.35874	0.76834	1.0616	-0.1466	-0.36399	-0.13552	-0.22987	-0.75872	0.22974	0.21081	0.3104	0.46453	-0.59496	0.40657	0.37487	-0.12781	0.094191	-1.1895	0.075579	-0.20947	-0.29503	0.58812	-0.14915	-0.16788	-0.08444	-0.26779	-0.18995	-0.50238	0.55477	-0.17133	0.60813	-0.16929	-0.38449	0.042917	0.2702	-0.014801	-0.48734	-0.49913
-0.26782	-0.039928	0.078499	0.57819	-0.13494	0.3597	0.51246	-0.33999	-0.165	-0.45149	-0.59781	-0.56074	-0.71425	-0.56386	0.34922	0.65269	0.3204	-0.050293	0.20628	-0.71706	-0.2358	0.17039	-0.13941	0.15969	0.12029	0.45341	-0.088956	0.30246	-0.22514	-0.28246	-0.44575	0.41465	0.021157	-0.38998	-0.44537	-0.71624	-0.17234	-0.45402	-0.93241	-0.18323	-0.2047	0.21809	0.3365	0.093701	-0.015851	0.47046	0.33904	-0.54942	-0.059307	0.062199	0.1421	-0.017515	-0.077859	0.47009	-0.76462	0.6012	0.66909	0.47201	-0.18272	-0.48312	0.15804	-0.53827	0.2454	0.25132	-0.1967	0.066697	0.41848	0.088373	0.48413	-0.47221	0.42239	0.642	-0.22142	-0.36525	0.23737	0.015533	-0.13257	0.050021	0.068083	-0.25674	-0.32674	-0.2374	0.95124	0.17018	-0.27295	-0.46103	0.12043	-0.90798	0.2024	-0.32814	-0.23831	0.038079	0.3467	0.54834	0.78251	-0.3926	-0.38637	-0.072311	-0.71805	-0.99835
-0.60596	0.15833	-0.23606	0.12152	0.19554	0.24831	-0.51979	0.051568	0.10597	0.081259	-0.24528	-0.49761	-0.024819	0.28336	-0.062061	0.47507	0.12358	-0.27682	-0.092944	-0.013233	-0.18538	-0.15943	-0.12256	-0.34827	-0.1425	-0.19527	-0.051692	0.096422	-0.51855	-0.088965	0.056452	0.097071	0.37498	-0.23779	-0.46522	-0.052665	-0.2699	-0.12778	-0.18797	0.37552	0.10206	-0.49081	-0.10523	0.036777	-0.12067	-0.50882	-0.019105	-0.1821	-0.24158	0.2664	0.42533	0.10522	-0.054069	0.35403	-0.26025	0.21604	0.16611	0.36736	0.31819	-0.028085	0.02701	0.377	-0.25552	0.38293	0.3462	0.15709	-0.33425	0.21939	0.050665	-0.16526	0.329	0.64733	0.0975	0.21497	-0.087125	0.5433	0.32138	0.11929	-0.15909	-0.45629	-0.162	0.08046	-0.33835	-0.031386	0.0047258	-0.28236	-0.17044	0.012193	-0.36323	0.024593	-0.085178	0.26546	0.11868	-0.043037	-0.32959	-0.39055	0.045332	0.061286	0.21035	-0.078521
-0.43285	-0.0056002	0.24669	-0.092112	-0.45304	0.30386	0.45236	-0.46386	-0.053925	0.13992	-0.311	-0.31125	-0.32499	-0.274	-0.56752	-0.069273	0.27974	0.19571	-0.041278	0.02293	-0.16624	-0.047757	0.29236	-0.17277	-0.32016	0.53886	0.4665	-0.53565	-0.24236	0.27097	-0.24076	0.41483	0.0021462	-0.24761	0.19143	-0.18113	0.21409	-0.69503	-0.17265	-0.34022	-0.42335	-0.16783	-0.06523	-0.22206	-0.060727	0.37256	0.065335	0.14991	0.11475	0.007738	0.24216	0.34951	-0.80256	0.092857	-0.3917	-0.036735	0.69768	0.5426	0.094163	0.60252	0.65412	0.56781	0.057534	0.37783	0.64838	0.22315	-0.21799	0.56091	-0.14128	-0.19444	0.20845	0.85132	0.44738	-0.11557	-0.12564	-0.13276	0.74947	0.18892	0.63465	-0.76906	-0.041574	-0.4725	0.22079	0.01726	-0.33115	-0.61838	0.239	-0.055877	0.60585	-0.66249	0.45792	0.34943	0.46683	-0.77318	-0.6467	-0.7016	0.3324	-0.071984	-0.38022	0.21306
-0.13734	-0.25334	-0.16761	0.18319	-0.386	0.050726	0.21604	-0.31106	-0.23723	-0.10957	-0.16004	-0.382	-0.16486	-0.063301	-0.30003	-0.090978	0.20885	0.30952	-0.0048835	0.33781	-0.31427	-0.21082	0.28089	-0.016771	-0.51888	0.23481	0.36314	-0.30064	-0.14934	0.042884	-0.17786	0.27892	0.15038	-0.61396	-0.37154	-0.45179	0.29778	-1.2987	-0.25224	-0.33585	-0.30472	-0.16935	-0.18401	-0.11085	0.18663	0.5967	0.015604	-0.39784	0.14863	-0.073145	0.40707	-0.036221	-1.0983	-0.18463	-0.23035	-0.12713	0.66975	0.2556	-0.046847	0.27106	0.11893	0.42225	-0.070417	0.27012	0.4941	0.23639	-0.43363	0.87305	0.044724	-0.16357	-0.028396	0.94008	0.29758	-0.075219	0.18481	-0.0075537	0.42668	0.43495	0.3039	-0.69687	-0.33422	-0.12072	0.40173	-0.065424	-0.49071	-0.59917	0.34602	-0.30633	0.44855	-0.59322	0.38091	0.30455	0.63194	-0.73979	-0.43885	-0.14576	0.07277	-0.1222	-0.20047	0.61878
-0.17666	0.0089994	-0.58974	0.082037	0.052239	-0.013032	-0.44342	-0.36876	0.12939	0.1191	-0.635	0.14812	-0.29484	0.19634	-0.48913	0.28823	0.45999	-0.75956	-0.12232	0.039582	0.078208	-0.0043428	-0.068603	-0.44741	0.0016738	-0.41821	0.068208	-0.1917	-0.0049212	0.13689	-0.067303	0.41564	0.5555	0.24697	-0.27426	-0.05462	-0.49892	-0.6007	0.27864	0.26861	0.028224	-0.20677	0.080257	0.22759	-0.31035	0.3603	-0.28518	-0.28056	0.33457	0.29941	0.22499	0.22889	-0.40176	0.47419	-0.10771	-0.26244	0.17461	0.25262	0.13354	0.27069	0.26517	0.19804	-0.13908	0.39973	0.68567	-0.21022	-0.31424	-0.015523	-0.26447	-0.21625	0.3601	0.80796	-0.0067686	-0.18136	0.38929	0.2624	0.55803	-0.2123	0.4371	-0.31462	-0.45783	-0.0050305	-0.39339	0.85326	-0.3894	-0.14311	0.2875	0.0019345	-0.10279	-0.30333	0.27923	0.042831	0.065254	-0.24749	-0.11009	-0.032794	0.16578	0.51085	0.070027	0.13062
-0.099454	-0.083509	-0.50226	-0.22418	-0.35986	0.045383	-0.022832	0.048176	-0.037135	0.16391	0.1156	-0.17229	-0.050497	0.21356	0.0015518	0.31985	0.024904	-0.1139	0.061807	-0.3751	-0.0060106	0.053549	0.030507	-0.47378	0.40539	-0.024664	0.44952	0.033869	0.061211	-0.35412	-0.31204	0.057927	0.142	-0.36369	-0.072475	-0.23339	0.11258	-0.20444	0.042274	-0.066335	0.081859	0.061319	-0.29044	-0.13154	-0.15717	0.71699	0.32807	0.21127	0.10841	0.049145	-0.18513	0.44425	-0.63593	0.26874	0.16471	-0.27348	0.091991	0.25873	-0.33206	0.37792	0.49375	-0.011517	-0.52244	0.41946	0.31735	-0.1771	-0.14715	0.21988	0.23593	0.027682	0.1124	0.47544	0.021324	0.25676	0.43095	0.7065	0.21482	-0.086399	0.073223	-0.32826	0.13289	-0.052973	-0.61543	0.039973	-0.17489	-0.21926	-0.17018	-0.064758	0.024004	-0.13396	0.039419	-0.2787	0.31254	0.23822	-0.015134	-0.12618	0.36166	0.30442	-0.17663	-0.15681
-0.49527	0.14766	-0.58765	0.17204	-0.45873	0.56791	0.17927	-0.11683	0.05109	-0.16467	0.17603	-0.47687	-0.21841	-0.070201	-0.42658	0.27479	0.3708	0.27059	-0.46329	-0.19896	0.23611	-0.053172	0.088892	-0.22394	0.51562	-0.0021085	0.41403	-0.031773	0.17623	-0.073756	0.088773	0.43044	0.50556	-0.42586	-0.027741	0.022992	0.25518	-0.47293	-0.13641	0.10625	0.2684	0.023941	0.14227	0.2679	0.52805	0.53018	0.3978	0.2049	0.19299	-0.24665	0.19006	0.11477	-0.3382	0.31832	-0.3284	-0.33177	0.027148	0.15251	-0.31931	0.18127	0.45575	-0.035096	-0.56208	0.025152	0.10021	-0.27379	0.15375	0.32158	-0.10268	0.046245	-0.0053017	0.17184	-0.42031	-0.14796	0.21619	0.1172	0.19987	-0.15857	-0.011427	-0.30048	0.12728	-0.1407	-0.099161	-0.060371	0.46549	0.12677	0.19199	-0.06367	-0.084736	-0.032152	0.76579	0.1505	0.40206	0.022367	-0.357	-0.41546	0.073757	0.54585	-0.0049379	0.031944
-0.30717	0.08786	-0.21063	0.10665	-0.39732	0.35776	0.25719	-0.75528	-0.16352	0.35125	-0.010191	-0.10034	-0.1721	-0.32616	-0.44217	-0.21	0.24142	-0.43789	0.33064	-0.12301	-0.16717	-0.040052	0.08273	-0.38552	0.27608	0.066492	0.029987	0.22308	-0.14728	0.52284	-0.17346	0.47241	0.56283	0.063157	0.15447	0.034248	-0.20355	-0.80055	0.087281	-0.29448	-0.19856	-0.23826	-0.34116	0.10706	-0.19782	0.2102	0.0038612	0.27384	0.14739	0.3282	0.15485	0.46889	-0.66218	0.22246	-0.71478	0.11384	0.068748	-0.023192	0.24345	0.44991	0.42026	0.59355	-0.19718	0.52834	0.87873	0.1106	-0.24052	0.14897	0.52749	-0.56434	0.6786	0.26393	-0.22444	0.062918	0.12078	0.16687	0.11237	-0.31266	0.27807	-0.5994	0.16066	-0.11607	-0.0017307	0.73725	-0.28635	-0.25282	0.75512	-0.20519	-0.011151	-0.33132	0.84174	0.17177	0.24717	-0.45159	-0.44021	-0.32187	0.34258	0.15683	-0.084737	0.2398
-0.47339	0.030527	-0.36243	0.41355	0.31396	-0.047943	0.13415	-0.49649	0.39132	-0.091082	-0.30555	-0.84884	0.42417	0.010911	-0.23208	0.23474	0.49976	-0.033078	0.37679	0.34227	-0.31781	0.68514	0.39858	-0.19431	0.14182	-0.36848	0.023203	0.2237	-0.09771	-0.30604	-0.79878	-0.1259	0.032312	-0.28815	-0.35811	-0.48778	0.12412	-0.24497	-0.20839	0.12645	0.028162	0.63668	-0.078179	0.30765	0.076781	0.2844	-0.13138	-0.52249	-0.24891	0.50442	0.6925	0.25966	-0.21896	0.1732	-0.50163	0.17675	0.50234	-0.15167	-0.75141	0.44004	0.015457	-0.23168	0.53154	-0.12318	0.35736	0.50632	-0.2012	-0.15675	0.048855	-0.0060682	0.68556	0.76527	0.52217	0.22182	0.15357	0.81088	0.45739	0.14181	-0.025428	-0.19352	-0.021127	0.1796	0.54066	0.40537	-0.80805	-0.059553	0.17444	-0.10343	-0.00077216	0.03879	-0.29922	-0.23922	-0.050757	-0.30024	0.28778	-0.49057	-0.096505	0.22822	-0.27775	-0.19781
